ID_dataset;Etat_civil;Nom;Prenoms;sexe_genre;spla.pro;Ile_en_Ile;date of birth;YEAR birth;place of birth;country_birth;date of death;year death;place of death;country_death;country of citizenship;occupation;languages;ORCID iD;Wiki_ID;ISNI;VIAF;Website;wikipage_en;wikipage_fr;wikipage_ht;len_wiki_en;len_wiki_fr;len_wiki_ht
AU;Accilien Cécile;Accilien;Cécile;f;cecile-accilien.22014;;;1973;;;;;;;"United States of America;Haiti";researcher;English;;;0000 0000 7103 8269;121070806;#N/A;#N/A;#N/A;#N/A;#N/A;#N/A;#N/A
AU;Accilien Selmy;Accilien;Selmy;m;;;24/12/1992;1992;Gonaïves;Haiti;;;;;Haiti;"poet;writer";Haitian Creole;;Q61108056;0000 0004 5970 9209;1,07E+20;#N/A;0;0;https://ht.wikipedia.org/wiki/Selmy_Accilien;#N/A;#N/A;1741
AU;Adodo Marie Ketline;Adodo;Marie Ketline;f;ketline-adodo.33977;;07/01/1953;1953;Jacmel;Haiti;;;;;"Haiti;Togo";"poet;writer";French;;;0000 0000 0101 9820;51854910;#N/A;#N/A;#N/A;#N/A;#N/A;#N/A;#N/A
AU;Agnant Marie-Célie;Agnant;Marie-Célie;f;marie-celie-agnant.5619;agnant;01/01/1953;1953;Port-au-Prince;Haiti;;;;;Canada;"poet;writer;novelist";French;;Q3291756;0000 0000 7731 5095;17470529;#N/A;https://en.wikipedia.org/wiki/Marie-C%C3%A9lie_Agnant;https://fr.wikipedia.org/wiki/Marie-C%C3%A9lie_Agnant;https://ht.wikipedia.org/wiki/Marie-C%C3%A9lie_Agnant;3800;5886;2142
AU;Andou Ange Bellie;Andou;Ange Bellie;f;ange-bellie-andou.40341;;;1980;;;;;;;Haïti;"novelist;writer;actor";French;;;;121606842;#N/A;#N/A;#N/A;#N/A;#N/A;#N/A;#N/A
AU;Anglade Georges;Anglade;Georges;m;georges-anglade.14050;anglade;18/07/1944;1944;Port-au-Prince;Haiti;12/01/2010;2010;Port-au-Prince;Haiti;Haiti;"geographer;politician;writer;university teacher";French;;Q1508785;0000 0001 2129 0383;39504226;#N/A;https://en.wikipedia.org/wiki/Georges_Anglade;https://fr.wikipedia.org/wiki/Georges_Anglade;https://ht.wikipedia.org/wiki/Georges_Anglade;5508;8303;3542
AU;Apollon Pascal;Apollon;Pascal;m;;;16/06/1994;1994;;;;;;;Haiti;"poet;writer";French;;;0000 0004 7421 4140 ;9,15E+18;#N/A;#N/A;#N/A;#N/A;#N/A;#N/A;#N/A
AU;Armand Margaret Mitchell;Armand;Margaret Mitchell;f;margaret-mitchell-armand.39598;;14/04/1950;1950;;Haiti;17/03/2016;2016;Miami;United States of America;"United States of America;Haiti";researcher;English;;;;;http://www.margaretmitchellarmand.com/;#N/A;#N/A;#N/A;#N/A;#N/A;#N/A
AU;Attilus Rhoddy;Attilus;Rhoddy;m;rhoddy-attilus.43531;;;1975;;;;;;;Haïti;novelist;Haitian Creole;;;;;#N/A;#N/A;#N/A;#N/A;#N/A;#N/A;#N/A
AU;Attoumani Nassur;Attoumani;Nassur;m;nassur-attoumani.14082;attoumani;05/03/1954;1954;Moroni;Comoros;;;;;France;"writer;playwright";French;;Q3336266;0000 0000 8254 9558;67607725;#N/A;0;https://fr.wikipedia.org/wiki/Nassur_Attoumani;https://ht.wikipedia.org/wiki/Nassur_Attoumani;#N/A;8732;2963
AU;Augustave Elsie;Augustave;Elsie;f;elsie-augustave.39629;;;;;;;;;;"Haiti;United States of America";writer;"French; English";;Q19663803;0000 0004 1027 0207;304611590;http://www.elsieaugustave.com/;https://en.wikipedia.org/wiki/Elsie_Augustave;0;https://ht.wikipedia.org/wiki/Elsie_Augustave;3348;#N/A;1001
AU;Auguste Bonel;Auguste;Bonel;m;bonel-auguste.14053;auguste;06/03/1973;1973;Port-au-Prince;Haiti;;;;;Haiti;librarian;French;;Q16945858;0000 0004 1018 7235;304726217;#N/A;0;0;https://ht.wikipedia.org/wiki/Bonel_Auguste;#N/A;#N/A;840
AU;Augustin Gary;Augustin;Gary;m;gary-augustin.14054;augustin;01/01/1958;1958;Port-au-Prince;Haiti;01/01/2014;2014;;;Haiti;writer;French;;Q16946325;0000 0000 3524 7848;23875210;#N/A;0;0;https://ht.wikipedia.org/wiki/Gary_Augustin;#N/A;#N/A;905
AU;Azor Rodianco Fils;Azor;Rodianco Fils;m;rodianco-fils-azor.32629;;;1990;;;;;;;Haïti;"poet;novelist";French;;;;;#N/A;#N/A;#N/A;#N/A;#N/A;#N/A;#N/A
AU;Baco Abdou S. ;Baco;Abdou S. ;m;abdou-s-baco.14055;baco;06/01/1965;1965;Mayotte;France;;;;;France;writer;French;;Q4665140;0000 0001 1473 2868;59132516;#N/A;https://en.wikipedia.org/wiki/Abdou_Baco;0;https://ht.wikipedia.org/wiki/Abdou_Baco;1995;#N/A;691
WIKI;Jean-Claude Bajeux;Bajeux;Jean-Claude;m;;;17/09/1931;1931;Port-au-Prince;Haiti;05/08/2011;2011;Port-au-Prince;Haiti;Haiti;"political activist;teacher;writer";French;;Q6169086;0000 0000 5511 6239;55290165;#N/A;https://en.wikipedia.org/wiki/Jean-Claude_Bajeux;https://fr.wikipedia.org/wiki/Jean-Claude_Bajeux;https://ht.wikipedia.org/wiki/Jean-Claude_Bajeux;13483;7730;1284
AU;Barthélémy Mimi;Barthélémy;Mimi;f;;barthelemy;03/05/1939;1939;Port-au-Prince;Haiti;27/04/2013;2013;Paris;France;Haiti;"writer;novelist;actor";French;;Q16266631;0000 0001 2122 3252;17257872;#N/A;https://en.wikipedia.org/wiki/Mimi_Barth%C3%A9l%C3%A9my;https://fr.wikipedia.org/wiki/Mimi_Barth%C3%A9l%C3%A9my;https://ht.wikipedia.org/wiki/Mimi_Barth%C3%A9l%C3%A9my;3441;5485;7116
AU;Barthélémy Elodie;Barthélémy;Elodie;f;elodie-barthelemy.4122;;;1965;;;;;;;"Haïti;France";researcher;French;;Q103944741;0000 0000 7362 3867;44434558;#N/A;#N/A;#N/A;#N/A;#N/A;#N/A;#N/A
AU;Bastien Barbara;Bastien;Barbara;f;barbara-bastien.39632;;;1979;Port-au-Prince;Haiti;;;;;Haiti;researcher;French;0000-0003-3446-894X;Q88413613;0000 0000 7252 6635 ;101031643;#N/A;0;0;0;#N/A;#N/A;#N/A
AU;Batraville Frantz Dominique;Batraville;Frantz Dominique;m;frantz-dominique-batraville.9813;batraville;20/02/1962;1962;Port-au-Prince;Haiti;;;;;Haiti;"writer;literary critic;poet";French;;Q16029082;0000 0000 7990 2234;34700403;#N/A;0;https://fr.wikipedia.org/wiki/Dominique_Batraville;https://ht.wikipedia.org/wiki/Dominique_Batraville;#N/A;3912;2811
AU;Beaugé-Rosier Jacqueline;Beaugé-Rosier;Jacqueline;f;jacqueline-beauge-rosier.14056;beauge-rosier;07/02/1932;1932;Jérémie;Haiti;28/07/2016;2016;Ottawa;Canada;Haiti;"poet;writer";French;;Q3157670;0000 0001 1438 1092;13423245;#N/A;https://en.wikipedia.org/wiki/Jacqueline_Beaug%C3%A9-Rosier;https://fr.wikipedia.org/wiki/Jacqueline_Beaug%C3%A9-Rosier;https://ht.wikipedia.org/wiki/Jacqueline_Beaug%C3%A9-Rosier;3206;3944;910
AU;Belin Biais Maggy;Belin Biais;Maggy;f;;belin;08/04/1950;1950;;;;;;;Haiti;writer;French;;Q79392218;0000 0004 6358 6520;;#N/A;0;0;0;#N/A;#N/A;#N/A
AU;Bellerice Jules Emmanuel;Bellerice;Jules Emmanuel;m;jules-emmanuel-bellerice.40586;;;1978;Port-au-Prince;Haiti;;;;;Haiti;writer;French;;Q12892188;0000 0000 4515 3781;1845443;#N/A;0;0;https://ht.wikipedia.org/wiki/Jules_Bellerice;#N/A;#N/A;789
AU;Benjamin Franz;Benjamin;Franz;m;franz-benjamin.7348;benjamin;01/01/1968;1968;Port-au-Prince;Haiti;;;;;"Canada;Haiti";writer;Canadian French;;Q12890785;0000 0000 7370 9273;69253640;#N/A;0;0;https://ht.wikipedia.org/wiki/Franz_Benjamin;#N/A;#N/A;1714
AU;Berrouët-Oriol Robert M.;Berrouët-Oriol;Robert M.;m;robert-m-berrouet-oriol.49492;berrouet-oriol;;1951;;;;;;;"Haïti;Canada";researcher;Canadian French;;Q55217164;0000 0000 7390 2620;1624364;https://sites.google.com/site/berroueetoriol/;0;0;0;#N/A;#N/A;#N/A
AU;Binette Christie;Binette;Christie;f;christie-binette.40488;;;1992;;;;;;;Haïti;romancier;French;;;;;#N/A;#N/A;#N/A;#N/A;#N/A;#N/A;#N/A
AU;Bloncourt Gérald;Bloncourt;Gérald;m;gerald-bloncourt.5362;bloncourt;04/11/1926;1926;Bainet;Haiti;29/10/2018;2018;Paris;France;Haiti;"photographer;painter;photojournalist";French;;Q3123601;0000 0001 1466 181X;2710821;http://www.bloncourt.net/;https://en.wikipedia.org/wiki/G%C3%A9rald_Bloncourt;https://fr.wikipedia.org/wiki/G%C3%A9rald_Bloncourt;https://ht.wikipedia.org/wiki/G%C3%A9rald_Bloncourt;1932;11209;1319
AU;Bogart Jeanie;Bogart;Jeanie;f;jeanie-bogart.32106;bogart;;1970;;;;;;;Haiti;poet;French;;Q55217166;;;#N/A;0;0;0;#N/A;#N/A;#N/A
AU;Bouchotte Giscard;Bouchotte;Giscard;m;giscard-bouchotte.6939;;;;;;;;;;Haiti;journalist;French;;;;;#N/A;#N/A;#N/A;#N/A;#N/A;#N/A;#N/A
AU;Bourjolly Jean-Marie;Bourjolly;Jean-Marie;m;jean-marie-bourjolly.14061;bourjolly;28/09/1947;1947;Port-au-Prince;Haiti;;;;;Haiti;writer;French;;Q12891871;0000 0000 7385 6062;31392194;#N/A;0;0;https://ht.wikipedia.org/wiki/Jean-Marie_Bourjolly;#N/A;#N/A;685
AU;Brax Jean-Pierre;Brax;Jean-Pierre;m;;;04/02/1957;1957;Port-au-Prince;Haiti;;;;;"France;Haiti";writer;French;;Q16946633;0000 0003 7393 4931;33651270;#N/A;0;0;https://ht.wikipedia.org/wiki/Jean-Pierre_Brax;#N/A;#N/A;9665
AU;Buriez Emmanuel;Buriez;Emmanuel;m;emmanuel-buriez.37660;;01/01/1987;1987;Delmas;Haiti;;;;;France;"actor;film director";French;;Q39738159;;;http://www.emmanuelburiez.book.fr;0;0;https://ht.wikipedia.org/wiki/Emmanuel_Buriez;#N/A;#N/A;2749
WIKI;Maurice Cadet;Cadet;Maurice;m;;;20/06/1933;1933;Jacmel;Haiti;29/05/2020;2020;;;Haiti;writer;French;;Q18396644;0000 0000 7363 841X;5100760;#N/A;0;https://fr.wikipedia.org/wiki/Maurice_Cadet;https://ht.wikipedia.org/wiki/Maurice_Cadet;#N/A;6082;4407
AU;Calvin Jean-Max;Calvin;Jean-Max;m;;calvin;01/06/1945;1945;Port-au-Prince;Haiti;;;;;Haiti;writer;French;;Q16946629;0000 0000 4516 3146;1857513;#N/A;0;0;https://ht.wikipedia.org/wiki/Jean-Max_Calvin;#N/A;#N/A;793
AU;Caplife Charles Edward;Caplife;Charles Edward;m;charles-edward-caplife.6256;;01/01/1960;1960;Cap-Haïtien;Haiti;;;;;"France;Haiti";writer;French;;Q12888836;0000 0000 0323 2908;32243099;http://caplife.free.fr;0;0;https://ht.wikipedia.org/wiki/Charles_Edward_Caplife;#N/A;#N/A;1072
AU;Carly Frantz;Carly;Frantz;m;frantz-carly.43366;;;;;;;;;;Haiti;writer;French;;;0000 0000 5361 8155;7044114;#N/A;#N/A;#N/A;#N/A;#N/A;#N/A;#N/A
AU;Castera Georges;Castera;Georges;m;georges-castera.8063;castera;27/12/1936;1936;Port-au-Prince;Haiti;24/01/2020;2020;Pétion-Ville;Haiti;Haiti;"writer;poet";French;;Q12890993;0000 0000 7361 1225;7456457;#N/A;https://en.wikipedia.org/wiki/Georges_Castera;https://fr.wikipedia.org/wiki/Georges_Castera;https://ht.wikipedia.org/wiki/Georges_Castera;2669;16949;3310
AU;Cavé Syto;Cavé;Syto;m;syto-cave.14124;cave;07/08/1944;1944;Jérémie;Haiti;;;;;Haiti;writer;French;;Q18642641;0000 0000 7418 5440;73399131;#N/A;0;0;https://ht.wikipedia.org/wiki/Syto_Cav%C3%A9;#N/A;#N/A;2519
AU;Cazanove Michele;Cazanove;Michele;f;;;;1947;;;;;;;"Haiti;France";"poète;romancier";French;;;;19701838;#N/A;#N/A;#N/A;#N/A;#N/A;#N/A;#N/A
AU;Célestin-Mégie Emile;Célestin-Mégie;Emile;m;emile-celestin-megie.35088;;16/10/1922;1922;Marigot, Sud-Est;Haiti;06/07/2018;2018;;;Haiti;writer;French;;Q12890350;0000 0000 7829 4425;39386065;#N/A;0;https://fr.wikipedia.org/wiki/%C3%89mile_C%C3%A9lestin-M%C3%A9gie;https://ht.wikipedia.org/wiki/%C3%89mile_C%C3%A9lestin-M%C3%A9gie;#N/A;3871;1646
AU;Chalmers Mehdi;Chalmers;Mehdi;m;mehdi-chalmers.39515;;;;;;;;;;"Haiti;France";librarian;French;;;;;#N/A;#N/A;#N/A;#N/A;#N/A;#N/A;#N/A
AU;Chancy Myriam J.A.;Chancy;Myriam J.A.;f;;chancy;01/01/1970;1970;;;;;;;Canada;"poet;writer";Canadian French;;Q18631149;;119158299;#N/A;https://en.wikipedia.org/wiki/Myriam_J._A._Chancy;0;0;5868;#N/A;#N/A
AU;Charles Jean-Claude;Charles;Jean-Claude;m;jean-claude-charles.14074;charles_jean-claude;20/10/1949;1949;Port-au-Prince;Haiti;07/05/2008;2008;Paris;France;Haiti;writer;French;;Q12891856;0000 0000 7360 0761;57241477;#N/A;0;0;https://ht.wikipedia.org/wiki/Jean-Claude_Charles;#N/A;#N/A;812
AU;Charles Christophe Philippe;Charles;Christophe Philippe;m;christophe-philippe-charles-christopheles.14073;charles_christophe;01/04/1951;1951;Port-au-Prince;Haiti;;;;;Haiti;"literary scholar;lyricist;journalist;publisher;poet";French;;Q5111758;0000 0000 8399 8398;91292494;#N/A;https://en.wikipedia.org/wiki/Christophe_Charles;https://fr.wikipedia.org/wiki/Christophe_Philippe_Charles;https://ht.wikipedia.org/wiki/Christophe_Charles;1591;4837;3550
AU;Charles Fabian;Charles;Fabian;m;fabian-charles.31432;;12/04/1968;1968;;;;;;;Haiti;poète;French;;;;199365045;http://fabiancharles.blogspot.fr;#N/A;#N/A;#N/A;#N/A;#N/A;#N/A
AU;Charles Wébert;Charles;Wébert;m;webert-charles.39867;;24/10/1988;1988;Port-au-Prince;Haiti;;;;;Haiti;"écrivain;poète;blogueur";French;;;0000 0001 4045 3440;184199966;http://lelivre.mondoblog.org;#N/A;#N/A;#N/A;#N/A;#N/A;#N/A
AU;Chassagne Raymond;Chassagne;Raymond;m;raymond-chassagne.14075;chassagne;13/02/1924;1924;Jérémie;Haiti;27/05/2013;2013;Longueuil;Canada;Haiti;"writer;poet;university teacher";French;;Q12896026;0000 0000 3564 7112;36959969;#N/A;https://en.wikipedia.org/wiki/Raymond_Chassagne;https://fr.wikipedia.org/wiki/Raymond_Chassagne;https://ht.wikipedia.org/wiki/Raymond_Chassagne;1628;4348;1170
AU;Chavenet Anaïse;Chavenet;Anaïse;f;anaise-chavenet.44780;;;1959;Jérémie;Haiti;;;;;Haiti;"journalist;writer";French;;;0000 0000 3391 9700;58368568;#N/A;#N/A;#N/A;#N/A;#N/A;#N/A;#N/A
AU;Chenet Gérard;Chenet;Gérard;m;gerard-chenet.16720;chenet;14/04/1927;1927;Port-au-Prince;Haiti;;;;;Haiti;writer;French;;Q11973505;0000 0000 4066 2683;29531822;#N/A;0;0;0;#N/A;#N/A;#N/A
AU;Chery Romel;Chery;Romel;m;romel-chery.12826;;;1954;;Haiti;;;;;Canada;writer;French;;Q20562029;0000 0003 7445 6724;11892751;#N/A;0;0;https://ht.wikipedia.org/wiki/Romel_Chery;#N/A;#N/A;718
AU;Clitandre Pierre;Clitandre;Pierre;m;pierre-clitandre.14078;clitandre;20/03/1954;1954;Port-au-Prince;Haiti;;;;;Haiti;writer;French;;Q18555690;0000 0001 1452 2975;94470563;#N/A;0;0;https://ht.wikipedia.org/wiki/Pierre_Clitandre;#N/A;#N/A;2228
AU;Clorméus Lewis Ampidu ;Clorméus;Lewis Ampidu ;m;lewis-ampidu-clormeus.44901;;;1981;;;;;;;Haïti;researcher;French;;;0000 0004 1994 0721;305322777;#N/A;#N/A;#N/A;#N/A;#N/A;#N/A;#N/A
AU;Cocks Georges;Cocks;Georges;m;;;23/04/1975;1975;Saint-Martin;Guadeloupe;;;;;France;"writer;poet;playwright";French;;Q3102491;0000 0004 6413 2782;;#N/A;0;https://fr.wikipedia.org/wiki/Georges_Cocks;https://ht.wikipedia.org/wiki/Georges_Cocks;#N/A;6154;1798
AU;Constant Marcien;Constant;Marcien;m;marcien-constant.49446;;29/05/1956;1956;Camp-Perrin;Haiti;;;;;"Haiti;Canada";"dramaturge;poète";French;;;0000 0004 5182 1415 ;317018594;#N/A;#N/A;#N/A;#N/A;#N/A;#N/A;#N/A
AU;Constant Jean André;Constant;Jean André;m;jean-andre-constant.14085;constant;01/01/1968;1968;;;;;;;Haiti;writer;French;;Q12891886;0000 0000 4726 2607;66266233;#N/A;0;0;https://ht.wikipedia.org/wiki/Jean_Andr%C3%A9_Constant;#N/A;#N/A;885
AU;Constant Joëlle;Constant;Joëlle;f;joelle-constant.49445;;;1955;Camp-Perrin;Haiti;;;;;Haiti;researcher;French;0000-0002-3719-4609;Q91207438;0000 0004 5174 7710;317010468;#N/A;0;0;0;#N/A;#N/A;#N/A
AU;Dabel Verly;Dabel;Verly;m;verly-dabel.32108;dabel;01/01/1964;1964;;;;;;;Haiti;writer;French;;Q18084484;0000 0000 6655 5755;92103925;#N/A;0;0;https://ht.wikipedia.org/wiki/Verly_Dabel;#N/A;#N/A;2179
AU;Dalembert Louis-Philippe;Dalembert;Louis-Philippe;m;louis-philippe-dalembert.5052;dalembert;08/12/1962;1962;Port-au-Prince;Haiti;;;;;Haiti;"novelist;poet;writer;short story writer;non-fiction writer";Haitian Creole;;Q1315386;0000 0001 2141 3304;80256725;#N/A;https://en.wikipedia.org/wiki/Louis-Philippe_Dalembert;https://fr.wikipedia.org/wiki/Louis-Philippe_Dalembert;https://ht.wikipedia.org/wiki/Louis-Philippe_Dalembert;7814;10839;7983
AU;D'Amérique Jean;D'Amérique;Jean;m;jean-d-amerique.35672;amerique;01/12/1994;1994;Côtes-de-Fer;Haiti;;;;;Haiti;"poet;writer;slam poet";French;;Q47087234;;;https://www.facebook.com/jeandamerique;0;https://fr.wikipedia.org/wiki/Jean_D%27Am%C3%A9rique;0;#N/A;6339;#N/A
AU;Damus Obrillant;Damus;Obrillant;m;obrillant-damus.49594;;;;;;;;;;Haiti;"researcher;writer";French;;;0000 0001 1883 0502;160745557;http://obrillantethaiti.blog.youphil.com;#N/A;#N/A;#N/A;#N/A;#N/A;#N/A
AU;Danticat Edwidge;Danticat;Edwidge;f;edwige-danticat.4217;danticat;19/01/1969;1969;Port-au-Prince;Haiti;;;;;"United States of America;Haiti";"writer;novelist;children's writer";English;;Q450346;0000 0001 1051 509X;32104515;#N/A;https://en.wikipedia.org/wiki/Edwidge_Danticat;https://fr.wikipedia.org/wiki/Edwidge_Danticat;https://ht.wikipedia.org/wiki/Edwidge_Danticat;31591;6676;1157
AU;Davertige Villard Denis;Davertige;Villard Denis;m;davertige.14086;davertige;02/12/1940;1940;Port-au-Prince;Haiti;25/07/2004;2004;Montreal;Canada;Haiti;"poet;painter";French;;Q7930927;0000 0000 7981 4795;3558664;#N/A;https://en.wikipedia.org/wiki/Villard_Denis;0;https://ht.wikipedia.org/wiki/Davertige;1898;#N/A;823
WIKI;Kern Delince;Delince;Kern;m;;;27/11/1923;1923;Jacmel;Haiti;30/12/2016;2016;New York City;United States of America;Haiti;writer;French;;Q16946741;0000 0000 6642 3285;91894167;#N/A;https://en.wikipedia.org/wiki/Kern_Delince;0;https://ht.wikipedia.org/wiki/Kern_Delince;9642;#N/A;795
AU;Depestre René;Depestre;René;m;rene-depestre.5711;depestre;29/08/1926;1926;Jacmel;Haiti;;;;;Haiti;"poet;writer;essayist";French;;Q59581;0000 0001 2283 0978;94345085;#N/A;https://en.wikipedia.org/wiki/Ren%C3%A9_Depestre;https://fr.wikipedia.org/wiki/Ren%C3%A9_Depestre;https://ht.wikipedia.org/wiki/Ren%C3%A9_Depestre;15223;18853;3657
AU;Desinor Nirvah;Desinor;Nirvah;f;nirvah-desinor.39854;;;;;;;;;;Haiti;writer;French;;;;;#N/A;#N/A;#N/A;#N/A;#N/A;#N/A;#N/A
AU;Désir Sophia;Désir;Sophia;f;sophia-desir.39601;;01/01/1969;1969;;;;;;;Haiti;writer;French;;Q18627792;0000 0001 3933 038X;107388714;#N/A;0;0;https://ht.wikipedia.org/wiki/Sophia_D%C3%A9sir;#N/A;#N/A;3665
AU;Desquiron Lilas;Desquiron;Lilas;f;;desquiron;01/01/1945;1945;Port-au-Prince;Haiti;;;;;Haiti;"novelist;ethnologist";French;;Q12893500;0000 0000 5434 0239;59122885;#N/A;https://en.wikipedia.org/wiki/Lilas_Desquiron;0;https://ht.wikipedia.org/wiki/Lilas_Desquiron;1665;#N/A;804
AU;Desrivières Jean-Durosier;Desrivières;Jean-Durosier;m;jean-durosier-desrivieres.24258;desrivieres;;1972;;;;;;;Haiti;"poète;dramaturge";French;;Q55217155;0000 0000 4405 6808;49514140;#N/A;0;0;0;#N/A;#N/A;#N/A
AU;Desroches Jenner;Desroches;Jenner;m;jenner-desroches.49447;;01/01/1939;1939;Cap-Haïtien;Haiti;;;;;Canada;"researcher;writer";Canadian French;;Q12891968;0000 0000 7378 373X;29183556;#N/A;0;0;https://ht.wikipedia.org/wiki/Jenner_Desroches;#N/A;#N/A;805
AU;Desrosiers Joël;Desrosiers;Joël;m;joel-des-rosiers.15170;desrosiers;26/10/1951;1951;Les Cayes;Haiti;;;;;Canada;"poet;writer";French;;Q3187394;0000 0001 1035 5006;2622758;#N/A;0;https://fr.wikipedia.org/wiki/Jo%C3%ABl_Des_Rosiers;https://ht.wikipedia.org/wiki/Jo%C3%ABl_Des_Rosiers;#N/A;14932;2823
AU;Desvignes Luckner;Desvignes;Luckner;m;luckner-desvignes.6659;;;;;;;;;;Haiti;writer;French;;;;;#N/A;#N/A;#N/A;#N/A;#N/A;#N/A;#N/A
AU;Dieurat Clervoyant;Dieurat;Clervoyant;m;clervoyant-dieurat.46356;;;1965;;;;;;;"Haiti;France";"researcher;writer";French;;;0000 0000 9707 1307 ;143494271;#N/A;#N/A;#N/A;#N/A;#N/A;#N/A;#N/A
AU;Dominique Jan J.;Dominique;Jan J.;f;jan-j-dominique.14090;dominique;25/01/1953;1953;Port-au-Prince;Haiti;;;;;Haiti;"writer;journalist";French;;Q16946539;0000 0000 7362 5678;50649908;#N/A;0;https://fr.wikipedia.org/wiki/Jan_J._Dominique;https://ht.wikipedia.org/wiki/Jan_J._Dominique;#N/A;7197;791
AU;Dorsinville Max;Dorsinville;Max;m;max-dorsinville.32109;dorsinville_max;01/01/1943;1943;Port-au-Prince;Haiti;;;;;Haiti;writer;French;;Q18412231;0000 0001 0939 2889;118880958;#N/A;0;0;https://ht.wikipedia.org/wiki/Max_Dorsinville;#N/A;#N/A;1415
AU;Dorvil Richardson;Dorvil;Richardson;m;richardson-dorvil.45358;;;;;;;;;;Haiti;"photographer;writer";French;;;;;#N/A;#N/A;#N/A;#N/A;#N/A;#N/A;#N/A
AU;Dovilas Anderson;Dovilas;Anderson;m;anderson-dovilas.22813;dovilas;;1985;;;;;;;Haiti;"dramaturge;poète";French;;Q55217151;0000 0003 7660 732X;253344847;http://www.dovanderson.over-blog.com;0;0;0;#N/A;#N/A;#N/A
AU;Duckens Charitable;Duckens;Charitable;m;duckens-charitable-duccha.22294;duccha;02/09/1982;1982;;;;;;;Haiti;writer;French;;Q16946096;0000 0000 0509 2013;32325098;#N/A;0;0;https://ht.wikipedia.org/wiki/Duccha;#N/A;#N/A;897
AU;Edouard Willems;Edouard;Willems;m;willems-edouard.49119;edouard;23/04/1965;1965;Pétion-Ville;Haiti;;;;;"Haiti;France";"poet;lawyer";French;;Q55217158;0000 0000 3579 8260 ;270555161;#N/A;0;0;0;#N/A;#N/A;#N/A
AU;Elbadawi Soeuf;Elbadawi;Soeuf;m;;soeuf-elbadawi;29/05/1970;1970;Moroni;Comoros;;;;;Comoros;"writer;actor;director;journalist";French;;Q3488805;0000 0001 2098 2193;212561;#N/A;0;https://fr.wikipedia.org/wiki/Soeuf_Elbadawi;https://ht.wikipedia.org/wiki/Soeuf_Elbadawi;#N/A;12493;1029
AU;Estepha Jean James;Estepha;Jean James;m;jean-james-estepha.45855;;;;;;;;;;Haiti;"teacher;journalist";French;;;;;#N/A;#N/A;#N/A;#N/A;#N/A;#N/A;#N/A
AU;Étienne Gérard;Étienne;Gérard;m;gerard-etienne.14094;etienne;;1936;;;;;;;Haiti;"journalist;poet;linguist";French;;Q289255;;;#N/A;https://en.wikipedia.org/wiki/%C3%89tienne_Maurice_G%C3%A9rard;https://fr.wikipedia.org/wiki/%C3%89tienne_Maurice_G%C3%A9rard;0;11562;36997;#N/A
AU;Eugène Emmanuel;Eugène;Emmanuel;m;emmanuel-eugene.9072;ejen;02/07/1946;1946;Guantánamo;Cuba;;;;;Haiti;writer;Haitian Creole;;Q16946145;0000 0000 8009 0552;102436018;#N/A;0;https://fr.wikipedia.org/wiki/Emmanuel_Eug%C3%A8ne;https://ht.wikipedia.org/wiki/Emmanuel_Eug%C3%A8ne;#N/A;2914;1111
AU;Exavier Marc;Exavier;Marc;m;marc-exavier.32110;exavier;01/01/1950;1950;;;;;;;Haiti;writer;French;;Q18341492;0000 0000 3499 3849;14946444;#N/A;0;0;https://ht.wikipedia.org/wiki/Marc_Exavier;#N/A;#N/A;804
AU;Fanini-Lemoin Hervé;Fanini-Lemoin;Hervé;m;herve-fanini-lemoin.39597;;;;;;;;;;Haiti;"éditeur;auteur";French;;;;;http://kiskeyapublishingsco.com/index.html;#N/A;#N/A;#N/A;#N/A;#N/A;#N/A
WIKI;Farah-Martine Lhérisson;Farah-Martine;Lhérisson;f;;lherisson_farah-martine;30/11/1970;1970;Port-au-Prince;Haiti;15/06/2020;2020;;;Haiti;writer;French;;Q16946185;0000 0000 3475 8339;7561501;#N/A;0;0;https://ht.wikipedia.org/wiki/Farah-Martine_Lh%C3%A9risson;#N/A;#N/A;1897
AU;Felin Guetty;Felin;Guetty;f;guetty-felin.17710;;;;Port-au-Prince;Haiti;;;;;"United States of America;Haiti";"director;producer;scriptwriter";French;;;;173890375;http://bellemoonproductions.com/;#N/A;#N/A;#N/A;#N/A;#N/A;#N/A
AU;Fenelon Fortestson;Fenelon;Fortestson;m;fortestson-fenelon-lokandya.22420;;02/02/1982;1982;Port-au-Prince;Haiti;;;;;Haiti;"writer;poet;journalist";French;;;;101027892;http://paroleenarchipel.over-blog.com;#N/A;#N/A;#N/A;#N/A;#N/A;#N/A
AU;Fièvre Jessica;Fièvre;Jessica;f;jessica-fievre.14101;fievre;29/04/1981;1981;Port-au-Prince;Haiti;;;;;Haiti;"writer;novelist";French;;Q12891979;0000 0003 7487 0220;223773416;#N/A;https://en.wikipedia.org/wiki/Jessica_Fi%C3%A8vre;0;https://ht.wikipedia.org/wiki/Jessica_Fi%C3%A8vre;3194;#N/A;1071
AU;Fignolé Jean-Claude;Fignolé;Jean-Claude;m;jean-claude-fignole.4218;fignole;24/05/1941;1941;Jérémie;Haiti;11/07/2017;2017;Port-au-Prince;Haiti;Haiti;"writer;politician";French;;Q3164963;0000 0000 8132 4410;54164605;#N/A;https://en.wikipedia.org/wiki/Jean-Claude_Fignol%C3%A9;https://fr.wikipedia.org/wiki/Jean-Claude_Fignol%C3%A9;https://ht.wikipedia.org/wiki/Jean-Claude_Fignol%C3%A9;1208;4301;2785
AU;Fleurant Elie;Fleurant;Elie;m;elie-fleurant.49633;;;;Cap-Haïtien;Haiti;;;;;"United States of America;Haiti";"poet;writer";French;;;0000 0000 3887 6711;56161776;http://www.elifleurant.com;#N/A;#N/A;#N/A;#N/A;#N/A;#N/A
AU;Florival Jean;Florival;Jean;m;jean-florival.14368;;01/01/1930;1930;;;;;;;Haiti;journalist;French;;Q16946574;0000 0003 8247 1035;265511168;#N/A;0;0;https://ht.wikipedia.org/wiki/Jean_Florival;#N/A;#N/A;789
AU;Florvil Haveson;Florvil;Haveson;m;haveson-florvil.29254;;31/05/1989;1989;Ouanaminthe;Haiti;;;;;Haiti;"entrepreneur;lecturer";French;;Q96952677;;;http://www.florvilhaveson.fr.gd;0;https://fr.wikipedia.org/wiki/Haveson_Florvil;0;#N/A;10251;#N/A
AU;Fouad André;Fouad;André;m;andre-fouad.39579;;;1972;;;;;;;Haiti;poète;"Haitian Creole;French";;;;88476157;#N/A;#N/A;#N/A;#N/A;#N/A;#N/A;#N/A
AU;Foucard Guignard Mercedes;Foucard Guignard;Mercedes;f;;deita;21/09/1935;1935;Port-de-Paix;Haiti;29/12/2012;2012;Pétion-Ville;Haiti;Haiti;writer;French;;Q12889446;0000 0000 3357 4423;45914128;#N/A;0;0;https://ht.wikipedia.org/wiki/D%C3%A9ita;#N/A;#N/A;3185
AU;François Yanick;François;Yanick;f;yanick-francois.39630;;;;Port-au-prince;Haiti;;;;;"Haiti;Canada";"écrivain;poète;sage-femme";French;;;;;#N/A;#N/A;#N/A;#N/A;#N/A;#N/A;#N/A
AU;Frankétienne Jean-Pierre Basilic Dantor;Frankétienne;Jean-Pierre Basilic Dantor;m;franketienne.4348;franketienne;12/04/1936;1936;Ravine-Sèche;Haiti;;;;;Haiti;"painter;poet;musician;singer;novelist;artist;writer;playwright;politician";French;;Q162778;"0000 0001 2099 3255; 0000 0003 6863 4926";15916887;http://www.franketienne.com;https://en.wikipedia.org/wiki/Frank%C3%A9tienne;https://fr.wikipedia.org/wiki/Frank%C3%A9tienne;https://ht.wikipedia.org/wiki/Frank%C3%A9tienne;4446;14012;3218
AU;Franz Émilie;Franz;Émilie;f;;franz;;1941;;;;;;;Haiti;writer;French;;Q16946141;;;#N/A;0;0;https://ht.wikipedia.org/wiki/Emilie_Franz;#N/A;#N/A;741
AU;Frisch Peter;Frisch;Peter J.;m;peter-frisch.49122;;07/04/1973;1973;;;;;;;Haiti;"éditeur;auteur";French;;;0000 0004 6504 6421 ;3,2152E+19;#N/A;#N/A;#N/A;#N/A;#N/A;#N/A;#N/A
AU;Gabriel Winnie Hugot ;Gabriel;Winnie Hugot ;f;winnie-hugot-gabriel-duvil.44753;;;;;;;;;;Haiti;"journaliste;avocate";French;;;;;#N/A;#N/A;#N/A;#N/A;#N/A;#N/A;#N/A
AU;Gaillard-Vanté Geneviève;Gaillard-Vanté;Geneviève;f;genevieve-gaillard-vante.14110;gaillard-vante;;;Port-au-Prince;Haiti;;;;;"United States of America;Haiti";writer;French;;Q12890976;0000 0000 4708 8952;61320682;#N/A;0;0;https://ht.wikipedia.org/wiki/Genevi%C3%A8ve_Gaillard-Vant%C3%A9;#N/A;#N/A;890
AU;Garoute Jean-Claude;Garoute;Jean-Claude;m;jean-claude-garoute-tiga.5773;;09/12/1935;1935;Jérémie;Haiti;01/12/2006;2006;Miami;United States of America;Haiti;"painter;sculptor;artist";French;;Q782156;0000 0001 1479 2086;103491485;#N/A;https://en.wikipedia.org/wiki/Jean-Claude_Garoute;https://fr.wikipedia.org/wiki/Jean-Claude_Garoute;https://ht.wikipedia.org/wiki/Jean-Claude_Garoute_(Tiga);4029;16933;1282
AU;Gesner Jean-Gilles;Gesner;Jean-Gilles;m;gesner-jean-gilles.40585;;;;;;;;;;Haiti;journaliste;French;;;;;#N/A;#N/A;#N/A;#N/A;#N/A;#N/A;#N/A
AU;Gousse Edgard;Gousse;Edgard;m;edgard-gousse.40411;;;1950;Jacmel;Haiti;;;;;Canada;"enseignant-chercheur;écrivain";Canadian French;;Q55725389;0000 0000 7829 939X;72683298;http://edgardgousseecrivain.unblog.fr/;0;0;0;#N/A;#N/A;#N/A
AU;Guérin Mona;Guérin;Mona;f;mona-guerin.14114;guerin;09/10/1934;1934;Port-au-Prince;Haiti;30/12/2011;2011;;;Haiti;"journalist;poet";French;;Q12894528;0000 0000 2426 5127;14789597;#N/A;https://en.wikipedia.org/wiki/Mona_Gu%C3%A9rin;0;https://ht.wikipedia.org/wiki/Mona_Gu%C3%A9rin;2977;#N/A;2810
AU;Heurtelou Maude;Heurtelou;Maude;f;maude-heurtelou.49688;;;1953;;;;;;;"Haiti;Canada";"romancière;nutritionniste";Canadian French;;Q20559271;0000 0000 7608 3149;104591151;#N/A;0;0;https://ht.wikipedia.org/wiki/Maude_Heurtelou;#N/A;#N/A;8981
AU;Hilaire Johnie;Hilaire;Johnie;m;johnie-hilaire.46291;;;;;;;;;;Haiti;poète;Haitian Creole;;;;;#N/A;#N/A;#N/A;#N/A;#N/A;#N/A;#N/A
AU;Hill Lawrence;Hill;Lawrence;m;lawrence-hill.31014;;24/01/1957;1957;Newmarket;Canada;;;;;Canada;"writer;novelist";Canadian English;;Q3828146;0000 0000 7367 3418;100308975;http://www.lawrencehill.com/;0;https://fr.wikipedia.org/wiki/Lawrence_Hill_(basket-ball);0;#N/A;3222;#N/A
AU;Hurbon Laënnec;Hurbon;Laënnec;m;laennec-hurbon.5247;;21/06/1940;1940;Jacmel;Haiti;;;;;Haiti;writer;French;;Q16946779;0000 0000 7359 180X;24602927;#N/A;https://en.wikipedia.org/wiki/La%C3%ABnnec_Hurbon;0;https://ht.wikipedia.org/wiki/La%C3%ABnnec_Hurbon;4622;#N/A;1788
AU;Hyppolite Joanne;Hyppolite;Joanne;f;joanne-hyppolite.42230;;;;;;;;;;"United States of America;Haiti";romancière;"French;English";;Q16946660;0000 0000 6771 4500 ;92297887;#N/A;0;0;https://ht.wikipedia.org/wiki/Joanne_Hyppolite;#N/A;#N/A;755
AU;Jacquet Jean Emmanuel;Jacquet;Jean Emmanuel;m;jean-emmanuel-jacquet.30929;jacquet;26/12/1981;1981;Port-au-Prince;Haiti;;;;;Haiti;"director general;writer;poet;novelist";French;;Q96198910;;;#N/A;0;https://fr.wikipedia.org/wiki/Jean_Emmanuel_Jacquet;0;#N/A;5144;#N/A
AU;Jean Yanick;Jean;Yanick;f;yanick-jean.14123;jean;01/01/1946;1946;Port-au-Prince;Haiti;01/01/2000;2000;;;Haiti;writer;French;;Q3571564;0000 0000 7554 7028;106470707;#N/A;0;https://fr.wikipedia.org/wiki/Yanick_Jean;0;#N/A;5964;#N/A
AU;Jean Maguy D.;Jean;Maguy D.;f;maguy-d-jean.40383;;;;Jacmel;Haiti;;;;;Haiti;écrivain;French;;;;;#N/A;#N/A;#N/A;#N/A;#N/A;#N/A;#N/A
AU;Jeanty Constant;Jeanty;Constant;m;constant-jeanty.42531;;;1936;Port-au-Prince;Haiti;;;;;"Haiti;Canada";"chorégraphe;écrivain";French;;;;317017661;#N/A;#N/A;#N/A;#N/A;#N/A;#N/A;#N/A
AU;Juste-Constant Voegeli;Juste-Constant;Voegeli;m;voegeli-juste-constant.44231;;;1946;Port-au-Prince;Haiti;;;;;"Haiti;Canada";"enseignant;traducteur";"French;English;Haitian Creole";;;;38528560;#N/A;#N/A;#N/A;#N/A;#N/A;#N/A;#N/A
AU;Kauss Saint-John;Kauss;Saint-John;m;saint-john-kauss.32111;kauss;21/09/1958;1958;Hinche;Haiti;;;;;"Haiti;Canada";"chercheur;écrivain";"French;Haitian Creole";;Q55217152;0000 0000 7829 6906;86008627;#N/A;0;0;0;#N/A;#N/A;#N/A
AU;Kénol Henry;Kénol;Henry;m;henry-kenol.38446;;;;;;;;;;Haiti;"journaliste;auteur";French;;;0000 0001 0833 6543;160819922;http://www.actes-sud.fr/node/44344;#N/A;#N/A;#N/A;#N/A;#N/A;#N/A
AU;Kerns Fleurimond Wiener;Kerns Fleurimond;Wiener;m;wiener-kerns-fleurimond.12584;;01/01/1958;1958;;;;;;;France;"journalist;writer";French;;Q12898302;0000 0001 0800 0839;49452017;http://www.haiti-tribune.com;0;0;https://ht.wikipedia.org/wiki/Wiener_Kerns_Fleurimond;#N/A;#N/A;5658
AU;Klang Gary;Klang;Gary;m;gary-klang.7412;klang;28/12/1941;1941;Port-au-Prince;Haiti;;;;;Haiti;"school teacher;playwright;poet";French;;Q3098578;0000 0000 7362 8019;56734287;#N/A;https://en.wikipedia.org/wiki/Gary_Klang;https://fr.wikipedia.org/wiki/Gary_Klang;https://ht.wikipedia.org/wiki/Gary_Klang;7800;10270;6712
AU;Labuchin Rassoul;Labuchin;Rassoul;m;rassoul-labuchin.6422;labuchin;01/01/1974;1974;;;;;;;Haiti;"film actor;poet;novelist";French;;Q12896004;;;#N/A;0;0;https://ht.wikipedia.org/wiki/Rassoul_Labuchin;#N/A;#N/A;1293
AU;Laferrière Dany;Laferrière;Dany;m;dany-laferriere.3366;laferriere;13/04/1953;1953;Port-au-Prince;Haiti;;;;;"Canada;Haiti";"writer;poet;novelist;screenwriter;journalist;film director";French;;Q1165217;0000 0001 2142 4759;87061403;#N/A;https://en.wikipedia.org/wiki/Dany_Laferri%C3%A8re;https://fr.wikipedia.org/wiki/Dany_Laferri%C3%A8re;https://ht.wikipedia.org/wiki/Dany_Laferri%C3%A8re;9653;42313;5774
AU;Lafortune Fred Edson;Lafortune;Fred Edson;m;fred-edson-lafortune.32114;lafortune;31/07/1982;1982;Anse-à-Veau;Haiti;;;;;Haiti;poet;French;;Q3086821;;;#N/A;0;https://fr.wikipedia.org/wiki/Fred_Edson_Lafortune;https://ht.wikipedia.org/wiki/Fred_Edson_Lafortune;#N/A;7082;3745
AU;Laguerre Alex;Laguerre;Alex;m;alex-laguerre.40412;;01/01/1967;1967;;;;;;;Haiti;writer;Haitian Creole;;Q12887205;0000 0000 5039 5160;4482572;#N/A;0;0;https://ht.wikipedia.org/wiki/Alex_Laguerre;#N/A;#N/A;2306
AU;Lahens Yanick;Lahens;Yanick;f;yanick-lahens.4107;lahens;22/12/1953;1953;Port-au-Prince;Haiti;;;;;Haiti;"radio personality;writer;short story writer";French;;Q2599418;0000 0001 0889 1002;37986271;#N/A;https://en.wikipedia.org/wiki/Yanick_Lahens;https://fr.wikipedia.org/wiki/Yanick_Lahens;https://ht.wikipedia.org/wiki/Yanick_Lahens;5379;11442;3834
AU;Laraque Paul;Laraque;Paul;m;paul-laraque.14131;laraque;21/09/1920;1920;Jérémie;Haiti;08/03/2007;2007;New York City;United States of America;Haiti;poet;French;;Q3371635;0000 0001 1025 175X;39379555;#N/A;0;https://fr.wikipedia.org/wiki/Paul_Laraque;https://ht.wikipedia.org/wiki/Paul_Laraque;#N/A;2267;808
AU;Large Josaphat-Robert;Large;Josaphat-Robert;m;josaphat-robert-large.14132;large;15/11/1942;1942;Jérémie;Haiti;28/10/2017;2017;New York City;United States of America;Haiti;"poet;novelist;art critic;writer";French;;Q531431;0000 0000 7829 7669;103807753;http://www.josaphat-robert-large.com;https://en.wikipedia.org/wiki/Josaphat-Robert_Large;https://fr.wikipedia.org/wiki/Josaphat-Robert_Large;https://ht.wikipedia.org/wiki/Josaphat-Robert_Large;10673;10083;7217
AU;Laroche Maximilien;Laroche;Maximilien;m;maximilien-laroche.14026;laroche_maximilien;05/04/1937;1937;Cap-Haïtien;Haiti;27/07/2017;2017;Quebec City;Canada;"Haiti;Canada";"writer;university teacher;literary scholar";French;;Q18926023;0000 0001 0857 9289;61548154;#N/A;0;https://fr.wikipedia.org/wiki/Maximilien_Laroche;https://ht.wikipedia.org/wiki/Maximilien_Laroche;#N/A;31447;11529
AU;Laroche Marc Léo;Laroche;Marc Léo;m;marc-leo-laroche.14133;laroche;01/01/1940;1940;;;;;;;Haiti;"sociologist;writer";French;;Q18341665;0000 0000 7884 9523;86008488;#N/A;0;0;https://ht.wikipedia.org/wiki/Marc_Laroche;#N/A;#N/A;1907
AU;Lauture Denizé;Lauture;Denizé;m;denize-lauture.14134;lauture;11/05/1946;1946;;;;;;;Haiti;writer;French;;Q12889499;0000 0000 5453 9790;7235847;#N/A;0;0;https://ht.wikipedia.org/wiki/Denize_Lauture;#N/A;#N/A;1176
AU;Lavoie Aupont Coutechève;Lavoie Aupont;Coutechève;m;coutecheve-lavoie-aupont.32104;aupont;16/10/1982;1982;Mirebalais;Haiti;;;;;Haiti;"writer;poet";French;;Q55217112;;;#N/A;0;https://fr.wikipedia.org/wiki/Coutech%C3%A8ve_Lavoie_Aupont;https://ht.wikipedia.org/wiki/Coutech%C3%A8ve_Lavoie_Aupont;#N/A;3693;1967
AU;Leconte Frantz-Antoine;Leconte;Frantz-Antoine;m;frantz-antoine-leconte.20387;;01/01/1948;1948;;;;;;;Haiti;writer;French;;Q16946241;0000 0000 8412 2312;115232564;#N/A;0;0;https://ht.wikipedia.org/wiki/Frantz_Leconte;#N/A;#N/A;1061
AU;Legagneur Serge;Legagneur;Serge;m;serge-legagneur.14135;legagneur;10/01/1937;1937;Jérémie;Haiti;30/06/2017;2017;Montreal;Canada;Haiti;poet;French;;Q12897255;0000 0000 7363 3563;73978144;#N/A;0;https://fr.wikipedia.org/wiki/Serge_Legagneur;https://ht.wikipedia.org/wiki/Serge_Legagneur;#N/A;3901;1372
AU;Léger Dimitri Elias;Léger;Dimitri Elias;m;dimitri-elias-leger.45391;;;;;;;;;;"United States of America;Haiti";"journaliste;auteur";French;;;;;#N/A;#N/A;#N/A;#N/A;#N/A;#N/A;#N/A
AU;Lemoine Lucien;Lemoine;Lucien;m;lucien-lemoine.5737;lemoine;01/01/1923;1923;Haiti;Haiti;13/01/2010;2010;Dakar;Senegal;"Haiti;Senegal";poet;French;;Q26252366;0000 0000 2825 2745;14838039;#N/A;0;0;0;#N/A;#N/A;#N/A
AU;Léonidas Jean-Robert;Léonidas;Jean-Robert;m;jean-robert-leonidas.14137;leonidas;11/06/1946;1946;Jérémie;Haiti;;;;;Haiti;physician writer;French;;Q3169950;0000 0001 0879 1247;23852925;#N/A;0;https://fr.wikipedia.org/wiki/Jean-Robert_L%C3%A9onidas;https://ht.wikipedia.org/wiki/Jean-Robert_L%C3%A9onidas;#N/A;7062;6381
AU;Lominy J.M.;Lominy;J.M.;m;j-m-lominy.39539;;;;Port-au-Prince;Haiti;;;;;"United States of America;Haiti";"infirmier; ancien militaire; auteur";French;;;;;http://jmlominy.com/;#N/A;#N/A;#N/A;#N/A;#N/A;#N/A
AU;Lucas Rafaël;Lucas;Rafaël;m;rafael-lucas.20069;;;;;;;;;;"Haiti;France";enseignant-chercheur;French;;;0000 0000 0080 5272 ;24620275;http://mondesfrancophones.com/author/rlucas/;#N/A;#N/A;#N/A;#N/A;#N/A;#N/A
AU;Magloire Nadine;Magloire;Nadine;f;nadine-magloire.32116;magloire_nadine;10/02/1932;1932;Port-au-Prince;Haiti;;;;;Haiti;novelist;French;;Q47571408;;;#N/A;https://en.wikipedia.org/wiki/Nadine_Magloire;0;0;2232;#N/A;#N/A
WIKI;Leslie Manigat;Manigat;Leslie;m;;;16/08/1930;1930;Port-au-Prince;Haiti;27/06/2014;2014;Port-au-Prince;Haiti;Haiti;"politician;academic;writer";French;;Q470492;0000 0000 8164 7009;92118704;#N/A;https://en.wikipedia.org/wiki/Leslie_Manigat;https://fr.wikipedia.org/wiki/Leslie_Manigat;https://ht.wikipedia.org/wiki/Leslie_Manigat;6205;9822;1389
AU;Manigat Jr. Angelucci;Manigat Jr.;Angelucci;m;angelucci-manigat.14141;manigat;01/01/1963;1963;Port-au-Prince;Haiti;;;;;Haiti;writer;Haitian Creole;;Q12887389;;;#N/A;0;0;https://ht.wikipedia.org/wiki/Angelucci_Manigat,_Jr.;#N/A;#N/A;795
AU;Mars Kettly;Mars;Kettly;f;kettly-mars.7317;mars;03/09/1958;1958;Port-au-Prince;Haiti;;;;;Haiti;"writer;poet";French;;Q3195618;0000 0000 8354 584X;7664185;#N/A;https://en.wikipedia.org/wiki/Kettly_Mars;https://fr.wikipedia.org/wiki/Kettly_Mars;https://ht.wikipedia.org/wiki/Kettly_Mars;9651;6812;4034
AU;Martelly Stéphane;Martelly;Stéphane;f;stephane-martelly.6345;martelly;01/01/1974;1974;Port-au-Prince;Haiti;;;;;Haiti;writer;French;;Q18636498;0000 0000 7364 3817;17386405;#N/A;0;0;https://ht.wikipedia.org/wiki/Stephane_Martelly;#N/A;#N/A;3060
AU;Mathieu Marie-Soeurette;Mathieu;Marie-Soeurette;f;;mathieu;10/08/1949;1949;Port-au-Prince;Haiti;;;;;Canada;"poet;writer;novelist";French;;Q468040;0000 0001 1492 8510;65739650;#N/A;https://en.wikipedia.org/wiki/Marie-S%C5%93urette_Mathieu;https://fr.wikipedia.org/wiki/Marie-S%C5%93urette_Mathieu;https://ht.wikipedia.org/wiki/Marie-S%C5%93urette_Mathieu;2663;6796;2174
AU;Mathurin Rodolphe;Mathurin;Rodolphe;m;rodolphe-mathurin-sonson-mathurin.40382;;09/12/1967;1967;Port-au-Prince;Haiti;;;;;Haiti;"novelist;teacher;short story writer";French;;Q83521548;0000 0003 7142 7047;251038722;#N/A;0;https://fr.wikipedia.org/wiki/Rodolphe_Mathurin;0;#N/A;3884;#N/A
AU;Maurouard Elvire;Maurouard;Elvire;f;elvire-maurouard.5772;maurouard;01/01/1971;1971;Jérémie;Haiti;;;;;Haiti;writer;French;;Q12890330;0000 0001 1038 8115;12488209;#N/A;0;0;https://ht.wikipedia.org/wiki/Elvire_Maurouard;#N/A;#N/A;3895
AU;Merisier Emilio;Merisier;Emilio;m;emilio-merisier.19581;;;1992;Port-au-Prince;Haiti;;;;;"United States of America;Haiti";poète;"French;English";;;;;http://www.shelterofpoetry.webs.com;#N/A;#N/A;#N/A;#N/A;#N/A;#N/A
AU;Métellus Jean;Métellus;Jean;m;jean-metellus.5240;metellus;30/04/1937;1937;Jacmel;Haiti;04/01/2014;2014;Bonneuil-sur-Marne;France;Haiti;"poet;essayist;novelist;neurologist;playwright";French;;Q3173661;0000 0001 1038 4448;12312423;http://www.jeanmetellus.com;https://en.wikipedia.org/wiki/Jean_Metellus;https://fr.wikipedia.org/wiki/Jean_M%C3%A9tellus;https://ht.wikipedia.org/wiki/Jean_Metellus;2833;8799;4450
AU;Michel Emeline;Michel;Emeline;f;emeline-michel.6661;;01/01/1967;1967;Gonaïves;Haiti;;;;;Haiti;"singer-songwriter;singer";French;;Q5370358;0000 0000 7365 6386;44495833;http://www.emeline-michel.com;https://en.wikipedia.org/wiki/Emeline_Michel;https://fr.wikipedia.org/wiki/%C3%89meline_Michel;https://ht.wikipedia.org/wiki/Emeline_Michel;2034;13575;3647
AU;Michel G. Bertrand;Michel;G. Bertrand;m;g-bertrand-michel.39804;;;;Port-au-Prince;Haiti;;;;;Haiti;enseignant-chercheur;French;;Q3309004;;133938850;#N/A;#N/A;#N/A;#N/A;#N/A;#N/A;#N/A
AU;Milard Martine;Milard;Martine;f;martine-milard.39817;;;1978;;;;;;;Haiti;"journaliste;peintre";French;;;;79225128;#N/A;#N/A;#N/A;#N/A;#N/A;#N/A;#N/A
AU;Milcé Jean-Euphèle;Milcé;Jean-Euphèle;m;jean-euphele-milce.14143;milce;01/01/1969;1969;;;;;;;Haiti;"writer;poet;journalist";French;;Q12891863;0000 0001 2145 6507;101168619;#N/A;0;https://fr.wikipedia.org/wiki/Jean-Euph%C3%A8le_Milc%C3%A9;https://ht.wikipedia.org/wiki/Jean-Euph%C3%A8le_Milc%C3%A9;#N/A;6150;2145
AU;Moïse Serge H.;Moïse;Serge H.;m;serge-h-moise.49711;;;1942;;;;;;;"Haiti;Canada";"avocat;auteur";French;;;;309817046;#N/A;#N/A;#N/A;#N/A;#N/A;#N/A;#N/A
AU;Moïse Lenelle;Moïse;Lenelle;f;lenelle-moise.39606;;01/01/1980;1980;Port-au-Prince;Haiti;;;;;"United States of America;Haiti";"poet;actor;playwright;writer";"French;English";;Q6522408;0000 0004 2337 5745;305856687;http://www.lenellemoise.com/;https://en.wikipedia.org/wiki/Lenelle_Mo%C3%AFse;0;https://ht.wikipedia.org/wiki/Lenelle_Mo%C3%AFse;4600;#N/A;1500
AU;Mondesir Jean Billy;Mondesir;Jean Billy;m;jean-billy-mondesir.38629;;;1984;Cayes;Haiti;;;;;Haiti;"bibliothécaire;auteur";"Haitian Creole; French";;;;8,15E+18;#N/A;#N/A;#N/A;#N/A;#N/A;#N/A;#N/A
AU;Monnin Michel;Monnin;Michel;m;;monnin;01/01/1941;1941;;;;;;;Switzerland;writer;French;;Q6836494;0000 0000 2563 1213;71568689;#N/A;https://en.wikipedia.org/wiki/Michel_Monnin;0;0;1205;#N/A;#N/A
AU;Narcisse J.-P. Richard;Narcisse;J.-P. Richard;m;;narcisse;19/06/1961;1961;Port-au-Prince;Haiti;;;;;Haiti;"poète;dramaturge";"Haitian Creole; French";;Q55217260;0000 0000 9978 1521 ;148174045;#N/A;0;0;0;#N/A;#N/A;#N/A
AU;Neptune Miriam;Neptune;Miriam;f;miriam-neptune.14781;;;;;;;;;;Haiti;"bibliothécaire;formatrice";French;;;;;http://neptunemir.github.io/webpage/;#N/A;#N/A;#N/A;#N/A;#N/A;#N/A
AU;Nerette Leslie Gaëlle;Nerette;Leslie Gaëlle;f;leslie-gaelle-nerette.16703;;;;;;;;;;Haiti;"peintre;designer;graphiste";French;;;;;#N/A;#N/A;#N/A;#N/A;#N/A;#N/A;#N/A
AU;Noël James;Noël;James;m;;noel;01/01/1978;1978;Hinche;Haiti;;;;;Haiti;"children's writer;actor;poet";French;;Q3161308;0000 0000 7851 2357;58863888;#N/A;https://en.wikipedia.org/wiki/James_No%C3%ABl_(poet);https://fr.wikipedia.org/wiki/James_No%C3%ABl;https://ht.wikipedia.org/wiki/James_No%C3%ABl;2784;12200;4469
AU;Ollivier Émile;Ollivier;Émile;m;;ollivier;11/02/1940;1940;Port-au-Prince;Haiti;10/11/2002;2002;Montreal;Canada;Haiti;writer;French;;Q286293;0000 0001 1030 5455;87423596;#N/A;https://en.wikipedia.org/wiki/%C3%89mile_Ollivier;https://fr.wikipedia.org/wiki/%C3%89mile_Ollivier_(homme_politique);0;18163;22479;#N/A
AU;Orcel Makenzy;Orcel;Makenzy;m;;orcel;18/09/1983;1983;Port-au-Prince;Haiti;;;;;Haiti;writer;French;;Q3280752;0000 0001 2145 7331;101540165;#N/A;0;https://fr.wikipedia.org/wiki/Makenzy_Orcel;https://ht.wikipedia.org/wiki/Makenzy_Orcel;#N/A;5100;3243
AU;Papillon Margaret;Papillon;Margaret;f;;papillon_margaret;14/11/1958;1958;Port-au-Prince;Haiti;;;;;Haiti;writer;French;;Q12894055;0000 0000 5160 1149;46871390;#N/A;0;0;https://ht.wikipedia.org/wiki/Margaret_Papillon;#N/A;#N/A;1104
AU;Papillon Iléus;Papillon;Iléus;m;;papillon_ileus;08/06/1984;1984;Haiti;Haiti;;;;;Haiti;"writer;poet;journalist";French;;Q55217189;;308246796;#N/A;0;https://fr.wikipedia.org/wiki/Il%C3%A9us_Papillon;https://ht.wikipedia.org/wiki/Il%C3%A9us_Papillon;#N/A;4022;3860
AU;Paret Roland;Paret;Roland;m;;paret;01/01/1943;1943;Cap-Haïtien;Haiti;;;;;Haiti;"film director;writer";French;;Q18607375;0000 0000 7418 7999;77542865;#N/A;0;0;https://ht.wikipedia.org/wiki/Roland_Paret;#N/A;#N/A;1186
AU;Pasquet Fabienne;Pasquet;Fabienne;f;;pasquet_fabienne;22/12/1954;1954;Geneva;Switzerland;;;;;France;"writer;actor;translator";French;;Q12890543;0000 0000 3197 2479;69067500;#N/A;0;0;https://ht.wikipedia.org/wiki/Fabienne_Pasquet;#N/A;#N/A;952
AU;Pasquet Jean-Marc;Pasquet;Jean-Marc;m;;pasquet_jean-marc;01/01/1959;1957;;Suisse;;;;;Switzerland;writer;French;;Q12891869;0000 0000 5622 2383;17339130;#N/A;0;0;https://ht.wikipedia.org/wiki/Jean-Marc_Pasquet;#N/A;#N/A;737
AU;Paul Cauvin;Paul;Cauvin;m;;paul;03/03/1942;1942;Port-de-Paix;Haiti;;;;;Haiti;writer;Haitian Creole;;Q12888685;0000 0000 7364 2080;12482254;#N/A;0;0;https://ht.wikipedia.org/wiki/Cauvin_Paul;#N/A;#N/A;829
AU;Péan Stanley;Péan;Stanley;m;;pean;31/03/1966;1966;Port-au-Prince;Haiti;;;;;"Haiti;Canada";"writer;children's writer";French;;Q3496855;0000 0000 7361 3175;12423959;#N/A;0;https://fr.wikipedia.org/wiki/Stanley_P%C3%A9an;https://ht.wikipedia.org/wiki/Stanley_P%C3%A9an;#N/A;14474;3516
AU;Phelps Anthony;Phelps;Anthony;m;;phelps;25/08/1928;1928;Port-au-Prince;Haiti;;;;;Haiti;"writer;playwright;poet";French;;Q2852916;0000 0001 1047 1891;27080479;#N/A;0;https://fr.wikipedia.org/wiki/Anthony_Phelps;https://ht.wikipedia.org/wiki/Anthony_Phelps;#N/A;16675;13349
AU;Pierre Claude C.;Pierre;Claude C.;m;;pierre_claude;28/02/1941;1941;Corail, Grand'Anse;Haiti;24/06/2017;2017;Canada;Canada;Haiti;poet;French;;Q2977119;0000 0000 7363 1189;66592624;#N/A;0;https://fr.wikipedia.org/wiki/Claude_C._Pierre;https://ht.wikipedia.org/wiki/Claude_Pierre;#N/A;3999;2772
AU;Pierre-Dahomey Néhémy;Pierre-Dahomey;Néhémy;m;;pierre-dahomey;;1986;Port-au-Prince;Haiti;;;;;"Haiti;France";écrivain;French;;Q55217188;0000 0004 5949 2249;;#N/A;0;0;0;#N/A;#N/A;#N/A
AU;Poujol Oriol Paulette;Poujol Oriol;Paulette;f;;poujol-oriol;12/05/1926;1926;Port-au-Prince;Haiti;11/03/2011;2011;;;Haiti;"actor;novelist;writer";French;;Q12895266;0000 0000 3286 5675;21358336;#N/A;https://en.wikipedia.org/wiki/Paulette_Poujol-Oriol;0;https://ht.wikipedia.org/wiki/Paulette_Poujol_Oriol;8460;#N/A;1566
AU;Prophète Emmelie;Prophète;Emmelie;f;;prophete_emmelie;15/06/1971;1971;Port-au-Prince;Haiti;;;;;Haiti;"journalist;poet;writer";French;;Q3053007;0000 0001 2131 5552;47904412;#N/A;https://en.wikipedia.org/wiki/Emmelie_Proph%C3%A8te;https://fr.wikipedia.org/wiki/Emmelie_Proph%C3%A8te;https://ht.wikipedia.org/wiki/Emmelie_Proph%C3%A8te;2360;4337;2597
AU;Régis Guy;Régis;Guy;m;;regis;01/01/1974;1974;Port-au-Prince;Haiti;;;;;Haiti;"writer;director;playwright";French;;Q2396474;0000 0001 2207 5263;170304147;#N/A;0;https://fr.wikipedia.org/wiki/Guy_Junior_R%C3%A9gis;https://ht.wikipedia.org/wiki/Guy_Junior_R%C3%A9gis;#N/A;15312;2706
AU;Renaud Alix;Renaud;Alix;m;;renaud;30/08/1945;1945;Port-au-Prince;Haiti;;;;;Haiti;"journalist;poet;writer";French;;Q2837289;0000 0001 0899 0297;49327117;#N/A;0;https://fr.wikipedia.org/wiki/Alix_Renaud;https://ht.wikipedia.org/wiki/Alix_Renaud;#N/A;13126;3952
AU;Rey Charlier Jacques;Rey Charlier;Jacques;m;;charlier_jacques;04/05/1945;1945;;;;;;;Haiti;writer;French;;Q79392504;;;#N/A;0;0;0;#N/A;#N/A;#N/A
AU;Rigaud Apollon Marlène;Rigaud Apollon;Marlène;f;marlene-rigaud-apollon.32103;apollon;01/01/1945;1945;Cap-Haïtien;Haiti;;;;;Haiti;"poet;writer";French;;Q12894134;0000 0000 4251 8351;4204233;#N/A;https://en.wikipedia.org/wiki/Marl%C3%A8ne_Rigaud_Apollon;0;https://ht.wikipedia.org/wiki/Marl%C3%A8ne_Rigaud_Apollon;2713;#N/A;1369
WIKI;Jacques Roche;Roche;Jacques;m;;;01/01/1961;1961;Cavaellon;Haiti;14/07/2005;2005;Haiti;Haiti;Haiti;"journalist;poet";French;;Q3159899;0000 0000 8075 3125;122368037;#N/A;https://en.wikipedia.org/wiki/Jacques_Roche;https://fr.wikipedia.org/wiki/Jacques_Roche;https://ht.wikipedia.org/wiki/Jacques_Roche;9959;2539;801
WIKI;Roger Gaillard;Roger;Gaillard;m;;gaillard;10/04/1923;1923;Port-au-Prince;Haiti;"2000-01-01T00:00Z;2000-05-25T00:00Z";2000;;;Haiti;"historian;writer";French;;Q3438996;0000 0000 2268 693X;27074457;#N/A;https://en.wikipedia.org/wiki/Roger_Gaillard_(historian);https://fr.wikipedia.org/wiki/Roger_Gaillard_(historien_ha%C3%AFtien);https://ht.wikipedia.org/wiki/Roger_Gaillard;1850;3191;1624
AU;Saint-Éloi Rodney;Saint-Éloi;Rodney;m;;saint-eloi;27/08/1963;1963;Cavaellon;Haiti;;;;;Haiti;"writer;poet;essayist";French;;Q3438235;0000 0001 2101 5701;56783467;#N/A;https://en.wikipedia.org/wiki/Rodney_Saint-%C3%89loi;https://fr.wikipedia.org/wiki/Rodney_Saint-%C3%89loi;https://ht.wikipedia.org/wiki/Rodney_Saint-%C3%89loi;2505;6059;1185
AU;Saint-Louis Mentor Ulysse ;Saint-Louis Mentor;Ulysse ;m;ulysse-saint-louis-mentor.52497;;;;;;;;;;"Haiti;Canada";enseignant-chercheur;French;;;;;#N/A;#N/A;#N/A;#N/A;#N/A;#N/A;#N/A
AU;Sandino  Alexandre Fednel;Sandino ;Alexandre Fednel;m;;;;1978;;;;;;;Haiti;writer;French;;;0000 0000 4393 7304;46304109;#N/A;#N/A;#N/A;#N/A;#N/A;#N/A;#N/A
AU;Scott-Lemoine Jacqueline;Scott-Lemoine;Jacqueline;f;;scott;28/10/1923;1923;Port-au-Prince;Haiti;09/07/2011;2011;Dakar;Senegal;"Haiti;Senegal";"actor;writer";French;;Q26252340;0000 0000 4303 2759;19931184;#N/A;0;https://fr.wikipedia.org/wiki/Jacqueline_Scott-Lemoine;https://ht.wikipedia.org/wiki/Jacqueline_Scott-Lemoine;#N/A;7059;805
AU;Suprice Lenous Guillaume;Suprice;Lenous Guillaume;m;;suprice;;;Fond des Blancs;Haiti;;;;;"Haiti;Canada";"poet;writer";"Haitian Creole; French";;Q55217215;;;#N/A;0;0;0;#N/A;#N/A;#N/A
AU;Suréna Elsie;Suréna;Elsie;f;;surena;01/01/1956;1956;Port-au-Prince;Haiti;;;;;Haiti;"photographer;poet";French;;Q12890326;0000 0001 1497 7646;122176630;#N/A;https://en.wikipedia.org/wiki/Elsie_Sur%C3%A9na;0;https://ht.wikipedia.org/wiki/Elsie_Surena;3380;#N/A;1367
AU;Tavernier Janine;Tavernier;Janine;f;;tavernier;23/03/1935;1935;Port-au-Prince;Haiti;27/02/2019;2019;Tampa;United States of America;Haiti;"novelist;poet;university teacher";French;;Q3162015;0000 0000 7363 2739;71514411;#N/A;0;https://fr.wikipedia.org/wiki/Janine_Tavernier;0;#N/A;4916;#N/A
AU;Théard Marie-Alice;Théard;Marie-Alice;f;;theard;03/08/1948;1948;Port-au-Prince;Haiti;;;;;Haiti;"novelist;poet;writer";French;;Q12894088;0000 0000 3749 9854;14109213;#N/A;https://en.wikipedia.org/wiki/Marie-Alice_Th%C3%A9ard;0;https://ht.wikipedia.org/wiki/Marie-Alice_Th%C3%A9ard;2493;#N/A;1206
AU;Trouillot Évelyne;Trouillot;Évelyne;f;;trouillot_evelyne;02/01/1954;1954;Port-au-Prince;Haiti;;;;;Haiti;"playwright;writer;children's writer;poet;essayist";French;;Q12890535;0000 0001 1461 5119;59220009;#N/A;https://en.wikipedia.org/wiki/%C3%89velyne_Trouillot;https://fr.wikipedia.org/wiki/%C3%89velyne_Trouillot;https://ht.wikipedia.org/wiki/%C3%89velyne_Trouillot;4853;5739;2448
AU;Trouillot Lyonel;Trouillot;Lyonel;m;;trouillot_lyonel;31/12/1956;1956;Port-au-Prince;Haiti;;;;;Haiti;"journalist;poet;novelist;writer";French;;Q637689;0000 0003 8321 3791;267680342;#N/A;https://en.wikipedia.org/wiki/Lyonel_Trouillot;https://fr.wikipedia.org/wiki/Lyonel_Trouillot;https://ht.wikipedia.org/wiki/Lyonel_Trouillot;6134;10179;7938
AU;Victor Gary;Victor;Gary;m;;victor_gary;09/07/1958;1958;Port-au-Prince;Haiti;;;;;Haiti;"journalist;playwright;screenwriter;politician";French;;Q3098632;0000 0001 0866 2517;6109517;#N/A;https://en.wikipedia.org/wiki/Gary_Victor;https://fr.wikipedia.org/wiki/Gary_Victor;https://ht.wikipedia.org/wiki/Gary_Victor;3821;8831;5718
AU;Voltaire Marcelin Michèle;Voltaire Marcelin;Michèle;f;;voltaire-marcelin;01/01/1955;1955;Port-au-Prince;Haiti;;;;;Haiti;writer;French;;Q18461233;0000 0001 1454 3637;106569746;#N/A;0;0;https://ht.wikipedia.org/wiki/Mich%C3%A8le_Voltaire-Marcelin;#N/A;#N/A;895
