ID_dataset;etat_civil;nom;prenoms;sexe_genre;spla_pro;ile_en_ile;date_naissance;annee_naissance;lieu_naissance;pays_naissance;date_deces;annee_deces;lieu_deces;pays_deces;pays_nationalite-1;pays_nationalite-2;nationalite;profession_1;profession_2;profession_3;langue_1;langue_2;ORCID;Wiki;ISNI;VIAF;website;wikipage_en;len_wiki_en;wikipage_fr;len_wiki_fr;wikipage_ht;len_wiki_ht
02_AU;Accilien Selmy;Accilien;Selmy;m;;;24/12/1992;1992;Gonaïves;Haïti;;;;;Haïti;;haïtienne;poète;écrivain;;Créole;;;Q61108056;0000 0004 5970 9209;1,07E+20;#N/A;#N/A;#N/A;#N/A;#N/A;https://ht.wikipedia.org/wiki/Selmy_Accilien;1741
01_AU;Accilien Cécile;Accilien;Cécile;f;cecile-accilien.22014;;;1973;;;;;;;Haïti;États-Unis;américano-haïtienne;universitaire;;;Anglais;;;;0000 0000 7103 8269;121070806;#N/A;#N/A;#N/A;#N/A;#N/A;#N/A;#N/A
03_AU;Adodo Marie Ketline;Adodo;Marie Ketline;f;ketline-adodo.33977;;07/01/1953;1953;Jacmel;Haïti;;;;;Haïti;Togo;togolaise-haïtienne;poète;écrivain;;Français;;;;0000 0000 0101 9820;51854910;#N/A;#N/A;#N/A;#N/A;#N/A;#N/A;#N/A
04_AU;Agnant Marie-Célie;Agnant;Marie-Célie;f;marie-celie-agnant.5619;agnant;01/01/1953;1953;Port-au-Prince;Haïti;;;;;Haïti;Canada;canado-haïtienne;poète;écrivain;romancier;Français;;;Q3291756;0000 0000 7731 5095;17470529;#N/A;https://en.wikipedia.org/wiki/Marie-C%C3%A9lie_Agnant;3800;https://fr.wikipedia.org/wiki/Marie-C%C3%A9lie_Agnant;5886;https://ht.wikipedia.org/wiki/Marie-C%C3%A9lie_Agnant;2142
05_AU;Andou Ange Bellie;Andou;Ange Bellie;f;ange-bellie-andou.40341;;;1980;;;;;;;Haïti;;haïtienne;romancier;écrivain;acteur;Français;;;;;121606842;#N/A;#N/A;#N/A;#N/A;#N/A;#N/A;#N/A
06_AU;Anglade Georges;Anglade;Georges;m;georges-anglade.14050;anglade;18/07/1944;1944;Port-au-Prince;Haïti;12/01/2010;2010;Port-au-Prince;Haïti;Haïti;;haïtienne;universitaire;politicien;écrivain;Français;;;Q1508785;0000 0001 2129 0383;39504226;#N/A;https://en.wikipedia.org/wiki/Georges_Anglade;5508;https://fr.wikipedia.org/wiki/Georges_Anglade;8303;https://ht.wikipedia.org/wiki/Georges_Anglade;3542
07_AU;Apollon Pascal;Apollon;Pascal;m;;;16/06/1994;1994;;;;;;;Haïti;;haïtienne;poète;écrivain;;Français;;;;0000 0004 7421 4140 ;9,15E+18;#N/A;#N/A;#N/A;#N/A;#N/A;#N/A;#N/A
08_AU;Armand Margaret Mitchell;Armand;Margaret Mitchell;f;margaret-mitchell-armand.39598;;14/04/1950;1950;;Haïti;17/03/2016;2016;Miami;États-Unis;Haïti;États-Unis;américano-haïtienne;universitaire;;;Anglais;;;;;;http://www.margaretmitchellarmand.com/;#N/A;#N/A;#N/A;#N/A;#N/A;#N/A
09_AU;Attilus Rhoddy;Attilus;Rhoddy;m;rhoddy-attilus.43531;;;1975;;;;;;;Haïti;;haïtienne;romancier;;;Créole;;;;;;#N/A;#N/A;#N/A;#N/A;#N/A;#N/A;#N/A
10_AU;Attoumani Nassur;Attoumani;Nassur;m;nassur-attoumani.14082;attoumani;05/03/1954;1954;Moroni;Comoros;;;;;Comoros;;comorienne;écrivain;dramaturge;;Français;;;Q3336266;0000 0000 8254 9558;67607725;#N/A;#N/A;#N/A;https://fr.wikipedia.org/wiki/Nassur_Attoumani;8732;https://ht.wikipedia.org/wiki/Nassur_Attoumani;2963
11_AU;Augustave Elsie;Augustave;Elsie;f;elsie-augustave.39629;;;;;;;;;;Haïti;États-Unis;américano-haïtienne;écrivain;;;Français; Anglais;;Q19663803;0000 0004 1027 0207;304611590;http://www.elsieaugustave.com/;https://en.wikipedia.org/wiki/Elsie_Augustave;3348;#N/A;#N/A;https://ht.wikipedia.org/wiki/Elsie_Augustave;1001
12_AU;Auguste Bonel;Auguste;Bonel;m;bonel-auguste.14053;auguste;06/03/1973;1973;Port-au-Prince;Haïti;;;;;Haïti;;haïtienne;bibliothécaire;;;Français;;;Q16945858;0000 0004 1018 7235;304726217;#N/A;#N/A;#N/A;#N/A;#N/A;https://ht.wikipedia.org/wiki/Bonel_Auguste;840
13_AU;Augustin Gary;Augustin;Gary;m;gary-augustin.14054;augustin;01/01/1958;1958;Port-au-Prince;Haïti;01/01/2014;2014;;;Haïti;;haïtienne;écrivain;;;Français;;;Q16946325;0000 0000 3524 7848;23875210;#N/A;#N/A;#N/A;#N/A;#N/A;https://ht.wikipedia.org/wiki/Gary_Augustin;905
14_AU;Azor Rodianco Fils;Azor;Rodianco Fils;m;rodianco-fils-azor.32629;;;1990;;;;;;;Haïti;;haïtienne;poète;romancier;;Français;;;;;;#N/A;#N/A;#N/A;#N/A;#N/A;#N/A;#N/A
15_AU;Baco Abdou S. ;Baco;Abdou S. ;m;abdou-s-baco.14055;baco;06/01/1965;1965;Mzoizia;Mayotte;;;;;Mayotte;;française;écrivain;;;Français;;;Q4665140;0000 0001 1473 2868;59132516;#N/A;https://en.wikipedia.org/wiki/Abdou_Baco;1995;#N/A;#N/A;https://ht.wikipedia.org/wiki/Abdou_Baco;691
16_WIKI;Jean-Claude Bajeux;Bajeux;Jean-Claude;m;;;17/09/1931;1931;Port-au-Prince;Haïti;05/08/2011;2011;Port-au-Prince;Haïti;Haïti;;haïtienne;militant;enseignant;écrivain;Français;;;Q6169086;0000 0000 5511 6239;55290165;#N/A;https://en.wikipedia.org/wiki/Jean-Claude_Bajeux;13483;https://fr.wikipedia.org/wiki/Jean-Claude_Bajeux;7730;https://ht.wikipedia.org/wiki/Jean-Claude_Bajeux;1284
17_AU;Barthélémy Mimi;Barthélémy;Mimi;f;;barthelemy;03/05/1939;1939;Port-au-Prince;Haïti;27/04/2013;2013;Paris;France;Haïti;France;franco-haïtienne;écrivain;romancier;acteur;Français;;;Q16266631;0000 0001 2122 3252;17257872;#N/A;https://en.wikipedia.org/wiki/Mimi_Barth%C3%A9l%C3%A9my;3441;https://fr.wikipedia.org/wiki/Mimi_Barth%C3%A9l%C3%A9my;5485;https://ht.wikipedia.org/wiki/Mimi_Barth%C3%A9l%C3%A9my;7116
18_AU;Barthélémy Elodie;Barthélémy;Elodie;f;elodie-barthelemy.4122;;;1965;;;;;;;Haïti;France;franco-haïtienne;universitaire;;;Français;;;Q103944741;0000 0000 7362 3867;44434558;#N/A;#N/A;#N/A;#N/A;#N/A;#N/A;#N/A
19_AU;Bastien Barbara;Bastien;Barbara;f;barbara-bastien.39632;;;1979;Port-au-Prince;Haïti;;;;;Haïti;;haïtienne;universitaire;;;Français;;0000-0003-3446-894X;Q88413613;0000 0000 7252 6635 ;101031643;#N/A;#N/A;#N/A;#N/A;#N/A;#N/A;#N/A
20_AU;Batraville Frantz Dominique;Batraville;Frantz Dominique;m;frantz-dominique-batraville.9813;batraville;20/02/1962;1962;Port-au-Prince;Haïti;;;;;Haïti;;haïtienne;écrivain;journaliste;poète;Français;;;Q16029082;0000 0000 7990 2234;34700403;#N/A;#N/A;#N/A;https://fr.wikipedia.org/wiki/Dominique_Batraville;3912;https://ht.wikipedia.org/wiki/Dominique_Batraville;2811
21_AU;Beaugé-Rosier Jacqueline;Beaugé-Rosier;Jacqueline;f;jacqueline-beauge-rosier.14056;beauge-rosier;07/02/1932;1932;Jérémie;Haïti;28/07/2016;2016;Ottawa;Canada;Haïti;Canada;canado-haïtienne;poète;écrivain;;Français;;;Q3157670;0000 0001 1438 1092;13423245;#N/A;https://en.wikipedia.org/wiki/Jacqueline_Beaug%C3%A9-Rosier;3206;https://fr.wikipedia.org/wiki/Jacqueline_Beaug%C3%A9-Rosier;3944;https://ht.wikipedia.org/wiki/Jacqueline_Beaug%C3%A9-Rosier;910
22_AU;Belin Biais Maggy;Belin Biais;Maggy;f;;belin;08/04/1950;1950;;;;;;;Haïti;;haïtienne;écrivain;;;Français;;;Q79392218;0000 0004 6358 6520;;#N/A;#N/A;#N/A;#N/A;#N/A;#N/A;#N/A
23_AU;Bellerice Jules Emmanuel;Bellerice;Jules Emmanuel;m;jules-emmanuel-bellerice.40586;;;1978;Port-au-Prince;Haïti;;;;;Haïti;;haïtienne;écrivain;;;Français;;;Q12892188;0000 0000 4515 3781;1845443;#N/A;#N/A;#N/A;#N/A;#N/A;https://ht.wikipedia.org/wiki/Jules_Bellerice;789
24_AU;Benjamin Franz;Benjamin;Franz;m;franz-benjamin.7348;benjamin;01/01/1968;1968;Port-au-Prince;Haïti;;;;;Haïti;Canada;canado-haïtienne;écrivain;;;Français;;;Q12890785;0000 0000 7370 9273;69253640;#N/A;#N/A;#N/A;#N/A;#N/A;https://ht.wikipedia.org/wiki/Franz_Benjamin;1714
25_AU;Berrouët-Oriol Robert M.;Berrouët-Oriol;Robert M.;m;robert-m-berrouet-oriol.49492;berrouet-oriol;;1951;;;;;;;Haïti;Canada;canado-haïtienne;universitaire;;;Français;;;Q55217164;0000 0000 7390 2620;1624364;https://sites.google.com/site/berroueetoriol/;#N/A;#N/A;#N/A;#N/A;#N/A;#N/A
26_AU;Binette Christie;Binette;Christie;f;christie-binette.40488;;;1992;;;;;;;Haïti;;haïtienne;romancier;;;Français;;;;;;#N/A;#N/A;#N/A;#N/A;#N/A;#N/A;#N/A
27_AU;Bloncourt Gérald;Bloncourt;Gérald;m;gerald-bloncourt.5362;bloncourt;04/11/1926;1926;Bainet;Haïti;29/10/2018;2018;Paris;France;Haïti;France;franco-haïtienne;photographe;journaliste;;Français;;;Q3123601;0000 0001 1466 181X;2710821;http://www.bloncourt.net/;https://en.wikipedia.org/wiki/G%C3%A9rald_Bloncourt;1932;https://fr.wikipedia.org/wiki/G%C3%A9rald_Bloncourt;11209;https://ht.wikipedia.org/wiki/G%C3%A9rald_Bloncourt;1319
28_AU;Bogart Jeanie;Bogart;Jeanie;f;jeanie-bogart.32106;bogart;;1970;;;;;;;Haïti;;haïtienne;poète;;;Français;;;Q55217166;;;#N/A;#N/A;#N/A;#N/A;#N/A;#N/A;#N/A
29_AU;Bouchotte Giscard;Bouchotte;Giscard;m;giscard-bouchotte.6939;;;;;;;;;;Haïti;;haïtienne;journaliste;;;Français;;;;;;#N/A;#N/A;#N/A;#N/A;#N/A;#N/A;#N/A
30_AU;Bourjolly Jean-Marie;Bourjolly;Jean-Marie;m;jean-marie-bourjolly.14061;bourjolly;28/09/1947;1947;Port-au-Prince;Haïti;;;;;Haïti;;haïtienne;écrivain;;;Français;;;Q12891871;0000 0000 7385 6062;31392194;#N/A;#N/A;#N/A;#N/A;#N/A;https://ht.wikipedia.org/wiki/Jean-Marie_Bourjolly;685
31_AU;Brax Jean-Pierre;Brax;Jean-Pierre;m;;;04/02/1957;1957;Port-au-Prince;Haïti;;;;;Haïti;France;franco-haïtienne;écrivain;;;Français;;;Q16946633;0000 0003 7393 4931;33651270;#N/A;#N/A;#N/A;#N/A;#N/A;https://ht.wikipedia.org/wiki/Jean-Pierre_Brax;9665
32_AU;Buriez Emmanuel;Buriez;Emmanuel;m;emmanuel-buriez.37660;;01/01/1987;1987;Delmas;Haïti;;;;;Haïti;France;franco-haïtienne;acteur;réalisateur;;Français;;;Q39738159;;;http://www.emmanuelburiez.book.fr;#N/A;#N/A;#N/A;#N/A;https://ht.wikipedia.org/wiki/Emmanuel_Buriez;2749
33_WIKI;Maurice Cadet;Cadet;Maurice;m;;;20/06/1933;1933;Jacmel;Haïti;29/05/2020;2020;;;Haïti;;haïtienne;écrivain;;;Français;;;Q18396644;0000 0000 7363 841X;5100760;#N/A;#N/A;#N/A;https://fr.wikipedia.org/wiki/Maurice_Cadet;6082;https://ht.wikipedia.org/wiki/Maurice_Cadet;4407
34_AU;Calvin Jean-Max;Calvin;Jean-Max;m;;calvin;01/06/1945;1945;Port-au-Prince;Haïti;;;;;Haïti;;haïtienne;écrivain;;;Français;;;Q16946629;0000 0000 4516 3146;1857513;#N/A;#N/A;#N/A;#N/A;#N/A;https://ht.wikipedia.org/wiki/Jean-Max_Calvin;793
35_AU;Caplife Charles Edward;Caplife;Charles Edward;m;charles-edward-caplife.6256;;01/01/1960;1960;Cap-Haïtien;Haïti;;;;;Haïti;France;franco-haïtienne;écrivain;;;Français;;;Q12888836;0000 0000 0323 2908;32243099;http://caplife.free.fr;#N/A;#N/A;#N/A;#N/A;https://ht.wikipedia.org/wiki/Charles_Edward_Caplife;1072
36_AU;Carly Frantz;Carly;Frantz;m;frantz-carly.43366;;;;;;;;;;Haïti;;haïtienne;écrivain;;;Français;;;;0000 0000 5361 8155;7044114;#N/A;#N/A;#N/A;#N/A;#N/A;#N/A;#N/A
37_AU;Castera Georges;Castera;Georges;m;georges-castera.8063;castera;27/12/1936;1936;Port-au-Prince;Haïti;24/01/2020;2020;Pétion-Ville;Haïti;Haïti;;haïtienne;écrivain;poète;;Français;;;Q12890993;0000 0000 7361 1225;7456457;#N/A;https://en.wikipedia.org/wiki/Georges_Castera;2669;https://fr.wikipedia.org/wiki/Georges_Castera;16949;https://ht.wikipedia.org/wiki/Georges_Castera;3310
38_AU;Cavé Syto;Cavé;Syto;m;syto-cave.14124;cave;07/08/1944;1944;Jérémie;Haïti;;;;;Haïti;;haïtienne;écrivain;;;Français;;;Q18642641;0000 0000 7418 5440;73399131;#N/A;#N/A;#N/A;#N/A;#N/A;https://ht.wikipedia.org/wiki/Syto_Cav%C3%A9;2519
39_AU;Cazanove Michele;Cazanove;Michele;f;;;;1947;;;;;;;Haïti;France;franco-haïtienne;poète;romancier;;Français;;;;;19701838;#N/A;#N/A;#N/A;#N/A;#N/A;#N/A;#N/A
40_AU;Célestin-Mégie Emile;Célestin-Mégie;Emile;m;emile-celestin-megie.35088;;16/10/1922;1922;Marigot;Haïti;06/07/2018;2018;;;Haïti;;haïtienne;écrivain;;;Français;;;Q12890350;0000 0000 7829 4425;39386065;#N/A;#N/A;#N/A;https://fr.wikipedia.org/wiki/%C3%89mile_C%C3%A9lestin-M%C3%A9gie;3871;https://ht.wikipedia.org/wiki/%C3%89mile_C%C3%A9lestin-M%C3%A9gie;1646
41_AU;Chalmers Mehdi;Chalmers;Mehdi;m;mehdi-chalmers.39515;;;;;;;;;;Haïti;France;franco-haïtienne;bibliothécaire;;;Français;;;;;;#N/A;#N/A;#N/A;#N/A;#N/A;#N/A;#N/A
42_AU;Chancy Myriam J.A.;Chancy;Myriam J.A.;f;;chancy;01/01/1970;1970;Port-au-Prince;Haïti;;;;;Haïti;Canada;canado-haïtienne;poète;écrivain;;Français;;;Q18631149;;119158299;#N/A;https://en.wikipedia.org/wiki/Myriam_J._A._Chancy;5868;#N/A;#N/A;#N/A;#N/A
43_AU;Charles Jean-Claude;Charles;Jean-Claude;m;jean-claude-charles.14074;charles_jean-claude;20/10/1949;1949;Port-au-Prince;Haïti;07/05/2008;2008;Paris;France;Haïti;France;franco-haïtienne;écrivain;;;Français;;;Q12891856;0000 0000 7360 0761;57241477;#N/A;#N/A;#N/A;#N/A;#N/A;https://ht.wikipedia.org/wiki/Jean-Claude_Charles;812
44_AU;Charles Christophe Philippe;Charles;Christophe Philippe;m;christophe-philippe-charles-christopheles.14073;charles_christophe;01/04/1951;1951;Port-au-Prince;Haïti;;;;;Haïti;;haïtienne;journaliste;éditeur;poète;Français;;;Q5111758;0000 0000 8399 8398;91292494;#N/A;https://en.wikipedia.org/wiki/Christophe_Charles;1591;https://fr.wikipedia.org/wiki/Christophe_Philippe_Charles;4837;https://ht.wikipedia.org/wiki/Christophe_Charles;3550
46_AU;Charles Wébert;Charles;Wébert;m;webert-charles.39867;;24/10/1988;1988;Port-au-Prince;Haïti;;;;;Haïti;;haïtienne;écrivain;poète;;Français;;;;0000 0001 4045 3440;184199966;http://lelivre.mondoblog.org;#N/A;#N/A;#N/A;#N/A;#N/A;#N/A
45_AU;Charles Fabian;Charles;Fabian;m;fabian-charles.31432;;12/04/1968;1968;;;;;;;Haïti;;haïtienne;poète;;;Français;;;;;199365045;http://fabiancharles.blogspot.fr;#N/A;#N/A;#N/A;#N/A;#N/A;#N/A
47_AU;Chassagne Raymond;Chassagne;Raymond;m;raymond-chassagne.14075;chassagne;13/02/1924;1924;Jérémie;Haïti;27/05/2013;2013;Longueuil;Canada;Haïti;Canada;canado-haïtienne;écrivain;poète;universitaire;Français;;;Q12896026;0000 0000 3564 7112;36959969;#N/A;https://en.wikipedia.org/wiki/Raymond_Chassagne;1628;https://fr.wikipedia.org/wiki/Raymond_Chassagne;4348;https://ht.wikipedia.org/wiki/Raymond_Chassagne;1170
48_AU;Chavenet Anaïse;Chavenet;Anaïse;f;anaise-chavenet.44780;;;1959;Jérémie;Haïti;;;;;Haïti;;haïtienne;journaliste;écrivain;;Français;;;;0000 0000 3391 9700;58368568;#N/A;#N/A;#N/A;#N/A;#N/A;#N/A;#N/A
49_AU;Chenet Gérard;Chenet;Gérard;m;gerard-chenet.16720;chenet;14/04/1927;1927;Port-au-Prince;Haïti;;;;;Haïti;;haïtienne;écrivain;;;Français;;;Q11973505;0000 0000 4066 2683;29531822;#N/A;#N/A;#N/A;#N/A;#N/A;#N/A;#N/A
50_AU;Chery Romel;Chery;Romel;m;romel-chery.12826;;;1954;;Haïti;;;;;Haïti;Canada;canado-haïtienne;écrivain;;;Français;;;Q20562029;0000 0003 7445 6724;11892751;#N/A;#N/A;#N/A;#N/A;#N/A;https://ht.wikipedia.org/wiki/Romel_Chery;718
51_AU;Clitandre Pierre;Clitandre;Pierre;m;pierre-clitandre.14078;clitandre;20/03/1954;1954;Port-au-Prince;Haïti;;;;;Haïti;;haïtienne;écrivain;;;Français;;;Q18555690;0000 0001 1452 2975;94470563;#N/A;#N/A;#N/A;#N/A;#N/A;https://ht.wikipedia.org/wiki/Pierre_Clitandre;2228
52_AU;Clorméus Lewis Ampidu ;Clorméus;Lewis Ampidu ;m;lewis-ampidu-clormeus.44901;;;1981;;;;;;;Haïti;;haïtienne;universitaire;;;Français;;;;0000 0004 1994 0721;305322777;#N/A;#N/A;#N/A;#N/A;#N/A;#N/A;#N/A
53_AU;Cocks Georges;Cocks;Georges;m;;;23/04/1975;1975;Saint-Martin;Guadeloupe;;;;;Guadeloupe;;française;écrivain;poète;dramaturge;Français;;;Q3102491;0000 0004 6413 2782;;#N/A;#N/A;#N/A;https://fr.wikipedia.org/wiki/Georges_Cocks;6154;https://ht.wikipedia.org/wiki/Georges_Cocks;1798
54_AU;Constant Marcien;Constant;Marcien;m;marcien-constant.49446;;29/05/1956;1956;Camp-Perrin;Haïti;;;;;Haïti;Canada;canado-haïtienne;dramaturge;poète;;Français;;;;0000 0004 5182 1415 ;317018594;#N/A;#N/A;#N/A;#N/A;#N/A;#N/A;#N/A
56_AU;Constant Joëlle;Constant;Joëlle;f;joelle-constant.49445;;;1955;Camp-Perrin;Haïti;;;;;Haïti;;haïtienne;universitaire;;;Français;;0000-0002-3719-4609;Q91207438;0000 0004 5174 7710;317010468;#N/A;#N/A;#N/A;#N/A;#N/A;#N/A;#N/A
55_AU;Constant Jean André;Constant;Jean André;m;jean-andre-constant.14085;constant;01/01/1968;1968;;;;;;;Haïti;;haïtienne;écrivain;;;Français;;;Q12891886;0000 0000 4726 2607;66266233;#N/A;#N/A;#N/A;#N/A;#N/A;https://ht.wikipedia.org/wiki/Jean_Andr%C3%A9_Constant;885
57_AU;Dabel Verly;Dabel;Verly;m;verly-dabel.32108;dabel;01/01/1964;1964;;;;;;;Haïti;;haïtienne;écrivain;;;Français;;;Q18084484;0000 0000 6655 5755;92103925;#N/A;#N/A;#N/A;#N/A;#N/A;https://ht.wikipedia.org/wiki/Verly_Dabel;2179
58_AU;Dalembert Louis-Philippe;Dalembert;Louis-Philippe;m;louis-philippe-dalembert.5052;dalembert;08/12/1962;1962;Port-au-Prince;Haïti;;;;;Haïti;;haïtienne;romancier;poète;écrivain;Créole;;;Q1315386;0000 0001 2141 3304;80256725;#N/A;https://en.wikipedia.org/wiki/Louis-Philippe_Dalembert;7814;https://fr.wikipedia.org/wiki/Louis-Philippe_Dalembert;10839;https://ht.wikipedia.org/wiki/Louis-Philippe_Dalembert;7983
59_AU;D'Amérique Jean;D'Amérique;Jean;m;jean-d-amerique.35672;amerique;01/12/1994;1994;Côtes-de-Fer;Haïti;;;;;Haïti;;haïtienne;poète;écrivain;;Français;;;Q47087234;;;https://www.facebook.com/jeandamerique;#N/A;#N/A;https://fr.wikipedia.org/wiki/Jean_D%27Am%C3%A9rique;6339;#N/A;#N/A
60_AU;Damus Obrillant;Damus;Obrillant;m;obrillant-damus.49594;;;;;;;;;;Haïti;;haïtienne;universitaire;écrivain;;Français;;;;0000 0001 1883 0502;160745557;http://obrillantetHaïti.blog.youphil.com;#N/A;#N/A;#N/A;#N/A;#N/A;#N/A
61_AU;Danticat Edwidge;Danticat;Edwidge;f;edwige-danticat.4217;danticat;19/01/1969;1969;Port-au-Prince;Haïti;;;;;Haïti;États-Unis;américano-haïtienne;écrivain;romancier;;Anglais;;;Q450346;0000 0001 1051 509X;32104515;#N/A;https://en.wikipedia.org/wiki/Edwidge_Danticat;31591;https://fr.wikipedia.org/wiki/Edwidge_Danticat;6676;https://ht.wikipedia.org/wiki/Edwidge_Danticat;1157
62_AU;Davertige Villard Denis;Davertige;Villard Denis;m;davertige.14086;davertige;02/12/1940;1940;Port-au-Prince;Haïti;25/07/2004;2004;Montreal;Canada;Haïti;Canada;canado-haïtienne;poète;peintre;;Français;;;Q7930927;0000 0000 7981 4795;3558664;#N/A;https://en.wikipedia.org/wiki/Villard_Denis;1898;#N/A;#N/A;https://ht.wikipedia.org/wiki/Davertige;823
63_WIKI;Kern Delince;Delince;Kern;m;;;27/11/1923;1923;Jacmel;Haïti;30/12/2016;2016;New York City;États-Unis;Haïti;États-Unis;américano-haïtienne;écrivain;;;Français;;;Q16946741;0000 0000 6642 3285;91894167;#N/A;https://en.wikipedia.org/wiki/Kern_Delince;9642;#N/A;#N/A;https://ht.wikipedia.org/wiki/Kern_Delince;795
64_AU;Depestre René;Depestre;René;m;rene-depestre.5711;depestre;29/08/1926;1926;Jacmel;Haïti;;;;;Haïti;;haïtienne;poète;écrivain;essayiste;Français;;;Q59581;0000 0001 2283 0978;94345085;#N/A;https://en.wikipedia.org/wiki/Ren%C3%A9_Depestre;15223;https://fr.wikipedia.org/wiki/Ren%C3%A9_Depestre;18853;https://ht.wikipedia.org/wiki/Ren%C3%A9_Depestre;3657
65_AU;Desinor Nirvah;Desinor;Nirvah;f;nirvah-desinor.39854;;;;;;;;;;Haïti;;haïtienne;écrivain;;;Français;;;;;;#N/A;#N/A;#N/A;#N/A;#N/A;#N/A;#N/A
66_AU;Désir Sophia;Désir;Sophia;f;sophia-desir.39601;;01/01/1969;1969;;;;;;;Haïti;;haïtienne;écrivain;;;Français;;;Q18627792;0000 0001 3933 038X;107388714;#N/A;#N/A;#N/A;#N/A;#N/A;https://ht.wikipedia.org/wiki/Sophia_D%C3%A9sir;3665
67_AU;Desquiron Lilas;Desquiron;Lilas;f;;desquiron;01/01/1945;1945;Port-au-Prince;Haïti;;;;;Haïti;;haïtienne;romancier;universitaire;;Français;;;Q12893500;0000 0000 5434 0239;59122885;#N/A;https://en.wikipedia.org/wiki/Lilas_Desquiron;1665;#N/A;#N/A;https://ht.wikipedia.org/wiki/Lilas_Desquiron;804
68_AU;Desrivières Jean-Durosier;Desrivières;Jean-Durosier;m;jean-durosier-desrivieres.24258;desrivieres;;1972;;;;;;;Haïti;;haïtienne;poète;dramaturge;;Français;;;Q55217155;0000 0000 4405 6808;49514140;#N/A;#N/A;#N/A;#N/A;#N/A;#N/A;#N/A
69_AU;Desroches Jenner;Desroches;Jenner;m;jenner-desroches.49447;;01/01/1939;1939;Cap-Haïtien;Haïti;;;;;Haïti;Canada;canado-haïtienne;universitaire;écrivain;;Français;;;Q12891968;0000 0000 7378 373X;29183556;#N/A;#N/A;#N/A;#N/A;#N/A;https://ht.wikipedia.org/wiki/Jenner_Desroches;805
70_AU;Desrosiers Joël;Desrosiers;Joël;m;joel-des-rosiers.15170;desrosiers;26/10/1951;1951;Les Cayes;Haïti;;;;;Haïti;Canada;canado-haïtienne;poète;écrivain;;Français;;;Q3187394;0000 0001 1035 5006;2622758;#N/A;#N/A;#N/A;https://fr.wikipedia.org/wiki/Jo%C3%ABl_Des_Rosiers;14932;https://ht.wikipedia.org/wiki/Jo%C3%ABl_Des_Rosiers;2823
71_AU;Desvignes Luckner;Desvignes;Luckner;m;luckner-desvignes.6659;;;;;;;;;;Haïti;;haïtienne;écrivain;;;Français;;;;;;#N/A;#N/A;#N/A;#N/A;#N/A;#N/A;#N/A
72_AU;Dieurat Clervoyant;Dieurat;Clervoyant;m;clervoyant-dieurat.46356;;;1965;;;;;;;Haïti;France;franco-haïtienne;universitaire;écrivain;;Français;;;;0000 0000 9707 1307 ;143494271;#N/A;#N/A;#N/A;#N/A;#N/A;#N/A;#N/A
73_AU;Dominique Jan J.;Dominique;Jan J.;f;jan-j-dominique.14090;dominique;25/01/1953;1953;Port-au-Prince;Haïti;;;;;Haïti;;haïtienne;écrivain;journaliste;;Français;;;Q16946539;0000 0000 7362 5678;50649908;#N/A;#N/A;#N/A;https://fr.wikipedia.org/wiki/Jan_J._Dominique;7197;https://ht.wikipedia.org/wiki/Jan_J._Dominique;791
74_AU;Dorsinville Max;Dorsinville;Max;m;max-dorsinville.32109;dorsinville_max;01/01/1943;1943;Port-au-Prince;Haïti;;;;;Haïti;;haïtienne;écrivain;;;Français;;;Q18412231;0000 0001 0939 2889;118880958;#N/A;#N/A;#N/A;#N/A;#N/A;https://ht.wikipedia.org/wiki/Max_Dorsinville;1415
75_AU;Dorvil Richardson;Dorvil;Richardson;m;richardson-dorvil.45358;;;;;;;;;;Haïti;;haïtienne;photographe;écrivain;;Français;;;;;;#N/A;#N/A;#N/A;#N/A;#N/A;#N/A;#N/A
76_AU;Dovilas Anderson;Dovilas;Anderson;m;anderson-dovilas.22813;dovilas;;1985;;;;;;;Haïti;;haïtienne;dramaturge;poète;;Français;;;Q55217151;0000 0003 7660 732X;253344847;http://www.dovanderson.over-blog.com;#N/A;#N/A;#N/A;#N/A;#N/A;#N/A
77_AU;Duckens Charitable;Duckens;Charitable;m;duckens-charitable-duccha.22294;duccha;02/09/1982;1982;;;;;;;Haïti;;haïtienne;écrivain;;;Français;;;Q16946096;0000 0000 0509 2013;32325098;#N/A;#N/A;#N/A;#N/A;#N/A;https://ht.wikipedia.org/wiki/Duccha;897
78_AU;Edouard Willems;Edouard;Willems;m;willems-edouard.49119;edouard;23/04/1965;1965;Pétion-Ville;Haïti;;;;;Haïti;France;franco-haïtienne;poète;avocat;;Français;;;Q55217158;0000 0000 3579 8260 ;270555161;#N/A;#N/A;#N/A;#N/A;#N/A;#N/A;#N/A
79_AU;Elbadawi Soeuf;Elbadawi;Soeuf;m;;soeuf-elbadawi;29/05/1970;1970;Moroni;Comoros;;;;;Comoros;;comorienne;écrivain;acteur;réalisateur;Français;;;Q3488805;0000 0001 2098 2193;212561;#N/A;#N/A;#N/A;https://fr.wikipedia.org/wiki/Soeuf_Elbadawi;12493;https://ht.wikipedia.org/wiki/Soeuf_Elbadawi;1029
80_AU;Estepha Jean James;Estepha;Jean James;m;jean-james-estepha.45855;;;;;;;;;;Haïti;;haïtienne;enseignant;journaliste;;Français;;;;;;#N/A;#N/A;#N/A;#N/A;#N/A;#N/A;#N/A
81_AU;Étienne Gérard;Étienne;Gérard;m;gerard-etienne.14094;etienne;;1936;;;;;;;Haïti;;haïtienne;journaliste;poète;universitaire;Français;;;Q289255;;;#N/A;https://en.wikipedia.org/wiki/%C3%89tienne_Maurice_G%C3%A9rard;11562;https://fr.wikipedia.org/wiki/%C3%89tienne_Maurice_G%C3%A9rard;36997;#N/A;#N/A
82_AU;Eugène Emmanuel;Eugène;Emmanuel;m;emmanuel-eugene.9072;ejen;02/07/1946;1946;Guantánamo;Cuba;;;;;Cuba;;cubaine;écrivain;;;Créole;;;Q16946145;0000 0000 8009 0552;102436018;#N/A;#N/A;#N/A;https://fr.wikipedia.org/wiki/Emmanuel_Eug%C3%A8ne;2914;https://ht.wikipedia.org/wiki/Emmanuel_Eug%C3%A8ne;1111
83_AU;Exavier Marc;Exavier;Marc;m;marc-exavier.32110;exavier;01/01/1950;1950;;;;;;;Haïti;;haïtienne;écrivain;;;Français;;;Q18341492;0000 0000 3499 3849;14946444;#N/A;#N/A;#N/A;#N/A;#N/A;https://ht.wikipedia.org/wiki/Marc_Exavier;804
84_AU;Fanini-Lemoin Hervé;Fanini-Lemoin;Hervé;m;herve-fanini-lemoin.39597;;;;;;;;;;Haïti;;haïtienne;éditeur;auteur;;Français;;;;;;http://kiskeyapublishingsco.com/index.html;#N/A;#N/A;#N/A;#N/A;#N/A;#N/A
85_WIKI;Farah-Martine Lhérisson;Farah-Martine;Lhérisson;f;;lherisson_farah-martine;30/11/1970;1970;Port-au-Prince;Haïti;15/06/2020;2020;;;Haïti;;haïtienne;écrivain;;;Français;;;Q16946185;0000 0000 3475 8339;7561501;#N/A;#N/A;#N/A;#N/A;#N/A;https://ht.wikipedia.org/wiki/Farah-Martine_Lh%C3%A9risson;1897
86_AU;Felin Guetty;Felin;Guetty;f;guetty-felin.17710;;;;Port-au-Prince;Haïti;;;;;Haïti;États-Unis;américano-haïtienne;réalisateur;producteur;scénariste;Français;;;;;173890375;http://bellemoonproductions.com/;#N/A;#N/A;#N/A;#N/A;#N/A;#N/A
87_AU;Fenelon Fortestson;Fenelon;Fortestson;m;fortestson-fenelon-lokandya.22420;;02/02/1982;1982;Port-au-Prince;Haïti;;;;;Haïti;;haïtienne;écrivain;poète;journaliste;Français;;;;;101027892;http://paroleenarchipel.over-blog.com;#N/A;#N/A;#N/A;#N/A;#N/A;#N/A
88_AU;Fièvre Jessica;Fièvre;Jessica;f;jessica-fievre.14101;fievre;29/04/1981;1981;Port-au-Prince;Haïti;;;;;Haïti;;haïtienne;écrivain;romancier;;Français;;;Q12891979;0000 0003 7487 0220;223773416;#N/A;https://en.wikipedia.org/wiki/Jessica_Fi%C3%A8vre;3194;#N/A;#N/A;https://ht.wikipedia.org/wiki/Jessica_Fi%C3%A8vre;1071
89_AU;Fignolé Jean-Claude;Fignolé;Jean-Claude;m;jean-claude-fignole.4218;fignole;24/05/1941;1941;Jérémie;Haïti;11/07/2017;2017;Port-au-Prince;Haïti;Haïti;;haïtienne;écrivain;politicien;;Français;;;Q3164963;0000 0000 8132 4410;54164605;#N/A;https://en.wikipedia.org/wiki/Jean-Claude_Fignol%C3%A9;1208;https://fr.wikipedia.org/wiki/Jean-Claude_Fignol%C3%A9;4301;https://ht.wikipedia.org/wiki/Jean-Claude_Fignol%C3%A9;2785
90_AU;Fleurant Elie;Fleurant;Elie;m;elie-fleurant.49633;;;;Cap-Haïtien;Haïti;;;;;Haïti;États-Unis;américano-haïtienne;poète;écrivain;;Français;;;;0000 0000 3887 6711;56161776;http://www.elifleurant.com;#N/A;#N/A;#N/A;#N/A;#N/A;#N/A
91_AU;Florival Jean;Florival;Jean;m;jean-florival.14368;;01/01/1930;1930;;;;;;;Haïti;;haïtienne;journaliste;;;Français;;;Q16946574;0000 0003 8247 1035;265511168;#N/A;#N/A;#N/A;#N/A;#N/A;https://ht.wikipedia.org/wiki/Jean_Florival;789
92_AU;Florvil Haveson;Florvil;Haveson;m;haveson-florvil.29254;;31/05/1989;1989;Ouanaminthe;Haïti;;;;;Haïti;;haïtienne;entrepreneur;formateur;;Français;;;Q96952677;;;http://www.florvilhaveson.fr.gd;#N/A;#N/A;https://fr.wikipedia.org/wiki/Haveson_Florvil;10251;#N/A;#N/A
93_AU;Fouad André;Fouad;André;m;andre-fouad.39579;;;1972;;;;;;;Haïti;;haïtienne;poète;;;Créole;Français;;;;88476157;#N/A;#N/A;#N/A;#N/A;#N/A;#N/A;#N/A
94_AU;Foucard Guignard Mercedes;Foucard Guignard;Mercedes;f;;deita;21/09/1935;1935;Port-de-Paix;Haïti;29/12/2012;2012;Pétion-Ville;Haïti;Haïti;;haïtienne;écrivain;;;Français;;;Q12889446;0000 0000 3357 4423;45914128;#N/A;#N/A;#N/A;#N/A;#N/A;https://ht.wikipedia.org/wiki/D%C3%A9ita;3185
95_AU;François Yanick;François;Yanick;f;yanick-francois.39630;;;;Port-au-prince;Haïti;;;;;Haïti;Canada;canado-haïtienne;écrivain;poète;médecin;Français;;;;;;#N/A;#N/A;#N/A;#N/A;#N/A;#N/A;#N/A
96_AU;Frankétienne Jean-Pierre Basilic Dantor;Frankétienne;Jean-Pierre Basilic Dantor;m;franketienne.4348;franketienne;12/04/1936;1936;Ravine-Sèche;Haïti;;;;;Haïti;;haïtienne;poète;dramaturge;peintre;Français;;;Q162778;"0000 0001 2099 3255; 0000 0003 6863 4926";15916887;http://www.franketienne.com;https://en.wikipedia.org/wiki/Frank%C3%A9tienne;4446;https://fr.wikipedia.org/wiki/Frank%C3%A9tienne;14012;https://ht.wikipedia.org/wiki/Frank%C3%A9tienne;3218
97_AU;Franz Émilie;Franz;Émilie;f;;franz;;1941;;;;;;;Haïti;;haïtienne;écrivain;;;Français;;;Q16946141;;;#N/A;#N/A;#N/A;#N/A;#N/A;https://ht.wikipedia.org/wiki/Emilie_Franz;741
98_AU;Frisch Peter;Frisch;Peter J.;m;peter-frisch.49122;;07/04/1973;1973;;;;;;;Haïti;;haïtienne;éditeur;auteur;;Français;;;;0000 0004 6504 6421 ;3,22E+19;#N/A;#N/A;#N/A;#N/A;#N/A;#N/A;#N/A
99_AU;Gabriel Winnie Hugot ;Gabriel;Winnie Hugot ;f;winnie-hugot-gabriel-duvil.44753;;;;;;;;;;Haïti;;haïtienne;journaliste;avocat;;Français;;;;;;#N/A;#N/A;#N/A;#N/A;#N/A;#N/A;#N/A
100_AU;Gaillard-Vanté Geneviève;Gaillard-Vanté;Geneviève;f;genevieve-gaillard-vante.14110;gaillard-vante;;;Port-au-Prince;Haïti;;;;;Haïti;États-Unis;américano-haïtienne;écrivain;;;Français;;;Q12890976;0000 0000 4708 8952;61320682;#N/A;#N/A;#N/A;#N/A;#N/A;https://ht.wikipedia.org/wiki/Genevi%C3%A8ve_Gaillard-Vant%C3%A9;890
101_AU;Garoute Jean-Claude;Garoute;Jean-Claude;m;jean-claude-garoute-tiga.5773;;09/12/1935;1935;Jérémie;Haïti;01/12/2006;2006;Miami;États-Unis;Haïti;États-Unis;américano-haïtienne;peintre;artiste;;Français;;;Q782156;0000 0001 1479 2086;103491485;#N/A;https://en.wikipedia.org/wiki/Jean-Claude_Garoute;4029;https://fr.wikipedia.org/wiki/Jean-Claude_Garoute;16933;https://ht.wikipedia.org/wiki/Jean-Claude_Garoute_(Tiga);1282
102_AU;Gesner Jean-Gilles;Gesner;Jean-Gilles;m;gesner-jean-gilles.40585;;;;;;;;;;Haïti;;haïtienne;journaliste;;;Français;;;;;;#N/A;#N/A;#N/A;#N/A;#N/A;#N/A;#N/A
103_AU;Gousse Edgard;Gousse;Edgard;m;edgard-gousse.40411;;;1950;Jacmel;Haïti;;;;;Haïti;Canada;canado-haïtienne;universitaire;écrivain;;Français;;;Q55725389;0000 0000 7829 939X;72683298;http://edgardgousseecrivain.unblog.fr/;#N/A;#N/A;#N/A;#N/A;#N/A;#N/A
104_AU;Guérin Mona;Guérin;Mona;f;mona-guerin.14114;guerin;09/10/1934;1934;Port-au-Prince;Haïti;30/12/2011;2011;;;Haïti;;haïtienne;journaliste;poète;;Français;;;Q12894528;0000 0000 2426 5127;14789597;#N/A;https://en.wikipedia.org/wiki/Mona_Gu%C3%A9rin;2977;#N/A;#N/A;https://ht.wikipedia.org/wiki/Mona_Gu%C3%A9rin;2810
105_AU;Heurtelou Maude;Heurtelou;Maude;f;maude-heurtelou.49688;;;1953;;;;;;;Haïti;Canada;canado-haïtienne;romancier;médecin;;Français;;;Q20559271;0000 0000 7608 3149;104591151;#N/A;#N/A;#N/A;#N/A;#N/A;https://ht.wikipedia.org/wiki/Maude_Heurtelou;8981
106_AU;Hilaire Johnie;Hilaire;Johnie;m;johnie-hilaire.46291;;;;;;;;;;Haïti;;haïtienne;poète;;;Créole;;;;;;#N/A;#N/A;#N/A;#N/A;#N/A;#N/A;#N/A
107_AU;Hill Lawrence;Hill;Lawrence;m;lawrence-hill.31014;;24/01/1957;1957;Newmarket;Canada;;;;;Canada;;canadienne;écrivain;romancier;;Anglais;;;Q3828146;0000 0000 7367 3418;100308975;http://www.lawrencehill.com/;#N/A;#N/A;https://fr.wikipedia.org/wiki/Lawrence_Hill_(basket-ball);3222;#N/A;#N/A
108_AU;Hurbon Laënnec;Hurbon;Laënnec;m;laennec-hurbon.5247;;21/06/1940;1940;Jacmel;Haïti;;;;;Haïti;;haïtienne;écrivain;;;Français;;;Q16946779;0000 0000 7359 180X;24602927;#N/A;https://en.wikipedia.org/wiki/La%C3%ABnnec_Hurbon;4622;#N/A;#N/A;https://ht.wikipedia.org/wiki/La%C3%ABnnec_Hurbon;1788
109_AU;Hyppolite Joanne;Hyppolite;Joanne;f;joanne-hyppolite.42230;;;;;;;;;;Haïti;États-Unis;américano-haïtienne;romancier;;;Français;Anglais;;Q16946660;0000 0000 6771 4500 ;92297887;#N/A;#N/A;#N/A;#N/A;#N/A;https://ht.wikipedia.org/wiki/Joanne_Hyppolite;755
110_AU;Jacquet Jean Emmanuel;Jacquet;Jean Emmanuel;m;jean-emmanuel-jacquet.30929;jacquet;26/12/1981;1981;Port-au-Prince;Haïti;;;;;Haïti;;haïtienne;entrepreneur;écrivain;poète;Français;;;Q96198910;;;#N/A;#N/A;#N/A;https://fr.wikipedia.org/wiki/Jean_Emmanuel_Jacquet;5144;#N/A;#N/A
111_AU;Jean Yanick;Jean;Yanick;f;yanick-jean.14123;jean;01/01/1946;1946;Port-au-Prince;Haïti;01/01/2000;2000;;;Haïti;;haïtienne;écrivain;;;Français;;;Q3571564;0000 0000 7554 7028;106470707;#N/A;#N/A;#N/A;https://fr.wikipedia.org/wiki/Yanick_Jean;5964;#N/A;#N/A
112_AU;Jean Maguy D.;Jean;Maguy D.;f;maguy-d-jean.40383;;;;Jacmel;Haïti;;;;;Haïti;;haïtienne;écrivain;;;Français;;;;;;#N/A;#N/A;#N/A;#N/A;#N/A;#N/A;#N/A
113_AU;Jeanty Constant;Jeanty;Constant;m;constant-jeanty.42531;;;1936;Port-au-Prince;Haïti;;;;;Haïti;Canada;canado-haïtienne;artiste;écrivain;;Français;;;;;317017661;#N/A;#N/A;#N/A;#N/A;#N/A;#N/A;#N/A
114_AU;Juste-Constant Voegeli;Juste-Constant;Voegeli;m;voegeli-juste-constant.44231;;;1946;Port-au-Prince;Haïti;;;;;Haïti;Canada;canado-haïtienne;enseignant;traducteur;;Français;Créole;;;;38528560;#N/A;#N/A;#N/A;#N/A;#N/A;#N/A;#N/A
115_AU;Kauss Saint-John;Kauss;Saint-John;m;saint-john-kauss.32111;kauss;21/09/1958;1958;Hinche;Haïti;;;;;Haïti;Canada;canado-haïtienne;universitaire;écrivain;;Français;Créole;;Q55217152;0000 0000 7829 6906;86008627;#N/A;#N/A;#N/A;#N/A;#N/A;#N/A;#N/A
116_AU;Kénol Henry;Kénol;Henry;m;henry-kenol.38446;;;;;;;;;;Haïti;;haïtienne;journaliste;auteur;;Français;;;;0000 0001 0833 6543;160819922;http://www.actes-sud.fr/node/44344;#N/A;#N/A;#N/A;#N/A;#N/A;#N/A
117_AU;Kerns Fleurimond Wiener;Kerns Fleurimond;Wiener;m;wiener-kerns-fleurimond.12584;;01/01/1958;1958;Hinche;Haïti;;;;;Haïti;France;franco-haïtienne;journaliste;écrivain;;Français;;;Q12898302;0000 0001 0800 0839;49452017;http://www.Haïti-tribune.com;#N/A;#N/A;#N/A;#N/A;https://ht.wikipedia.org/wiki/Wiener_Kerns_Fleurimond;5658
118_AU;Klang Gary;Klang;Gary;m;gary-klang.7412;klang;28/12/1941;1941;Port-au-Prince;Haïti;;;;;Haïti;;haïtienne;enseignant;dramaturge;poète;Français;;;Q3098578;0000 0000 7362 8019;56734287;#N/A;https://en.wikipedia.org/wiki/Gary_Klang;7800;https://fr.wikipedia.org/wiki/Gary_Klang;10270;https://ht.wikipedia.org/wiki/Gary_Klang;6712
119_AU;Labuchin Rassoul;Labuchin;Rassoul;m;rassoul-labuchin.6422;labuchin;01/01/1974;1974;;;;;;;Haïti;;haïtienne;acteur ;poète;romancier;Français;;;Q12896004;;;#N/A;#N/A;#N/A;#N/A;#N/A;https://ht.wikipedia.org/wiki/Rassoul_Labuchin;1293
120_AU;Laferrière Dany;Laferrière;Dany;m;dany-laferriere.3366;laferriere;13/04/1953;1953;Port-au-Prince;Haïti;;;;;Haïti;Canada;canado-haïtienne;écrivain;scénariste;réalisateur;Français;;;Q1165217;0000 0001 2142 4759;87061403;#N/A;https://en.wikipedia.org/wiki/Dany_Laferri%C3%A8re;9653;https://fr.wikipedia.org/wiki/Dany_Laferri%C3%A8re;42313;https://ht.wikipedia.org/wiki/Dany_Laferri%C3%A8re;5774
121_AU;Lafortune Fred Edson;Lafortune;Fred Edson;m;fred-edson-lafortune.32114;lafortune;31/07/1982;1982;Anse-à-Veau;Haïti;;;;;Haïti;;haïtienne;poète;;;Français;;;Q3086821;;;#N/A;#N/A;#N/A;https://fr.wikipedia.org/wiki/Fred_Edson_Lafortune;7082;https://ht.wikipedia.org/wiki/Fred_Edson_Lafortune;3745
122_AU;Laguerre Alex;Laguerre;Alex;m;alex-laguerre.40412;;01/01/1967;1967;;;;;;;Haïti;;haïtienne;écrivain;;;Créole;;;Q12887205;0000 0000 5039 5160;4482572;#N/A;#N/A;#N/A;#N/A;#N/A;https://ht.wikipedia.org/wiki/Alex_Laguerre;2306
123_AU;Lahens Yanick;Lahens;Yanick;f;yanick-lahens.4107;lahens;22/12/1953;1953;Port-au-Prince;Haïti;;;;;Haïti;;haïtienne;journaliste;écrivain;essayiste;Français;;;Q2599418;0000 0001 0889 1002;37986271;#N/A;https://en.wikipedia.org/wiki/Yanick_Lahens;5379;https://fr.wikipedia.org/wiki/Yanick_Lahens;11442;https://ht.wikipedia.org/wiki/Yanick_Lahens;3834
124_AU;Laraque Paul;Laraque;Paul;m;paul-laraque.14131;laraque;21/09/1920;1920;Jérémie;Haïti;08/03/2007;2007;New York City;États-Unis;Haïti;États-Unis;américano-haïtienne;poète;;;Français;;;Q3371635;0000 0001 1025 175X;39379555;#N/A;#N/A;#N/A;https://fr.wikipedia.org/wiki/Paul_Laraque;2267;https://ht.wikipedia.org/wiki/Paul_Laraque;808
125_AU;Large Josaphat-Robert;Large;Josaphat-Robert;m;josaphat-robert-large.14132;large;15/11/1942;1942;Jérémie;Haïti;28/10/2017;2017;New York City;États-Unis;Haïti;États-Unis;américano-haïtienne;poète;romancier;écrivain;Français;;;Q531431;0000 0000 7829 7669;103807753;http://www.josaphat-robert-large.com;https://en.wikipedia.org/wiki/Josaphat-Robert_Large;10673;https://fr.wikipedia.org/wiki/Josaphat-Robert_Large;10083;https://ht.wikipedia.org/wiki/Josaphat-Robert_Large;7217
126_AU;Laroche Maximilien;Laroche;Maximilien;m;maximilien-laroche.14026;laroche_maximilien;05/04/1937;1937;Cap-Haïtien;Haïti;27/07/2017;2017;Quebec City;Canada;Haïti;Canada;canado-haïtienne;universitaire;écrivain;;Français;;;Q18926023;0000 0001 0857 9289;61548154;#N/A;#N/A;#N/A;https://fr.wikipedia.org/wiki/Maximilien_Laroche;31447;https://ht.wikipedia.org/wiki/Maximilien_Laroche;11529
127_AU;Laroche Marc Léo;Laroche;Marc Léo;m;marc-leo-laroche.14133;laroche;01/01/1940;1940;;;;;;;Haïti;;haïtienne;universitaire;écrivain;;Français;;;Q18341665;0000 0000 7884 9523;86008488;#N/A;#N/A;#N/A;#N/A;#N/A;https://ht.wikipedia.org/wiki/Marc_Laroche;1907
128_AU;Lauture Denizé;Lauture;Denizé;m;denize-lauture.14134;lauture;11/05/1946;1946;;;;;;;Haïti;;haïtienne;écrivain;;;Français;;;Q12889499;0000 0000 5453 9790;7235847;#N/A;#N/A;#N/A;#N/A;#N/A;https://ht.wikipedia.org/wiki/Denize_Lauture;1176
129_AU;Lavoie Aupont Coutechève;Lavoie Aupont;Coutechève;m;coutecheve-lavoie-aupont.32104;aupont;16/10/1982;1982;Mirebalais;Haïti;;;;;Haïti;;haïtienne;écrivain;poète;;Français;;;Q55217112;;;#N/A;#N/A;#N/A;https://fr.wikipedia.org/wiki/Coutech%C3%A8ve_Lavoie_Aupont;3693;https://ht.wikipedia.org/wiki/Coutech%C3%A8ve_Lavoie_Aupont;1967
130_AU;Leconte Frantz-Antoine;Leconte;Frantz-Antoine;m;frantz-antoine-leconte.20387;;01/01/1948;1948;;;;;;;Haïti;;haïtienne;écrivain;;;Français;;;Q16946241;0000 0000 8412 2312;115232564;#N/A;#N/A;#N/A;#N/A;#N/A;https://ht.wikipedia.org/wiki/Frantz_Leconte;1061
131_AU;Legagneur Serge;Legagneur;Serge;m;serge-legagneur.14135;legagneur;10/01/1937;1937;Jérémie;Haïti;30/06/2017;2017;Montreal;Canada;Haïti;Canada;canado-haïtienne;poète;;;Français;;;Q12897255;0000 0000 7363 3563;73978144;#N/A;#N/A;#N/A;https://fr.wikipedia.org/wiki/Serge_Legagneur;3901;https://ht.wikipedia.org/wiki/Serge_Legagneur;1372
132_AU;Léger Dimitri Elias;Léger;Dimitri Elias;m;dimitri-elias-leger.45391;;;;;;;;;;Haïti;États-Unis;américano-haïtienne;journaliste;auteur;;Français;;;;;;#N/A;#N/A;#N/A;#N/A;#N/A;#N/A;#N/A
133_AU;Lemoine Lucien;Lemoine;Lucien;m;lucien-lemoine.5737;lemoine;01/01/1923;1923;Haïti;Haïti;13/01/2010;2010;Dakar;Sénégal;Haïti;Sénégal;sénégalo-haïtienne;poète;;;Français;;;Q26252366;0000 0000 2825 2745;14838039;#N/A;#N/A;#N/A;#N/A;#N/A;#N/A;#N/A
134_AU;Léonidas Jean-Robert;Léonidas;Jean-Robert;m;jean-robert-leonidas.14137;leonidas;11/06/1946;1946;Jérémie;Haïti;;;;;Haïti;;haïtienne;médecin;journaliste;;Français;;;Q3169950;0000 0001 0879 1247;23852925;#N/A;#N/A;#N/A;https://fr.wikipedia.org/wiki/Jean-Robert_L%C3%A9onidas;7062;https://ht.wikipedia.org/wiki/Jean-Robert_L%C3%A9onidas;6381
135_AU;Lominy J.M.;Lominy;J.M.;m;j-m-lominy.39539;;;;Port-au-Prince;Haïti;;;;;Haïti;États-Unis;américano-haïtienne;médecin; auteur;;Français;;;;;;http://jmlominy.com/;#N/A;#N/A;#N/A;#N/A;#N/A;#N/A
136_AU;Lucas Rafaël;Lucas;Rafaël;m;rafael-lucas.20069;;;;;;;;;;Haïti;France;franco-haïtienne;universitaire;;;Français;;;;0000 0000 0080 5272 ;24620275;http://mondesfrancophones.com/author/rlucas/;#N/A;#N/A;#N/A;#N/A;#N/A;#N/A
137_AU;Magloire Nadine;Magloire;Nadine;f;nadine-magloire.32116;magloire_nadine;10/02/1932;1932;Port-au-Prince;Haïti;;;;;Haïti;;haïtienne;romancier;;;Français;;;Q47571408;;;#N/A;https://en.wikipedia.org/wiki/Nadine_Magloire;2232;#N/A;#N/A;#N/A;#N/A
138_WIKI;Leslie Manigat;Manigat;Leslie;m;;;16/08/1930;1930;Port-au-Prince;Haïti;27/06/2014;2014;Port-au-Prince;Haïti;Haïti;;haïtienne;politicien;universitaire;écrivain;Français;;;Q470492;0000 0000 8164 7009;92118704;#N/A;https://en.wikipedia.org/wiki/Leslie_Manigat;6205;https://fr.wikipedia.org/wiki/Leslie_Manigat;9822;https://ht.wikipedia.org/wiki/Leslie_Manigat;1389
139_AU;Manigat Jr. Angelucci;Manigat Jr.;Angelucci;m;angelucci-manigat.14141;manigat;01/01/1963;1963;Port-au-Prince;Haïti;;;;;Haïti;;haïtienne;écrivain;;;Créole;;;Q12887389;;;#N/A;#N/A;#N/A;#N/A;#N/A;https://ht.wikipedia.org/wiki/Angelucci_Manigat,_Jr.;795
140_AU;Mars Kettly;Mars;Kettly;f;kettly-mars.7317;mars;03/09/1958;1958;Port-au-Prince;Haïti;;;;;Haïti;;haïtienne;écrivain;poète;;Français;;;Q3195618;0000 0000 8354 584X;7664185;#N/A;https://en.wikipedia.org/wiki/Kettly_Mars;9651;https://fr.wikipedia.org/wiki/Kettly_Mars;6812;https://ht.wikipedia.org/wiki/Kettly_Mars;4034
141_AU;Martelly Stéphane;Martelly;Stéphane;f;stephane-martelly.6345;martelly;01/01/1974;1974;Port-au-Prince;Haïti;;;;;Haïti;;haïtienne;écrivain;;;Français;;;Q18636498;0000 0000 7364 3817;17386405;#N/A;#N/A;#N/A;#N/A;#N/A;https://ht.wikipedia.org/wiki/Stephane_Martelly;3060
142_AU;Mathieu Marie-Soeurette;Mathieu;Marie-Soeurette;f;;mathieu;10/08/1949;1949;Port-au-Prince;Haïti;;;;;Haïti;Canada;canado-haïtienne;poète;écrivain;romancier;Français;;;Q468040;0000 0001 1492 8510;65739650;#N/A;https://en.wikipedia.org/wiki/Marie-S%C5%93urette_Mathieu;2663;https://fr.wikipedia.org/wiki/Marie-S%C5%93urette_Mathieu;6796;https://ht.wikipedia.org/wiki/Marie-S%C5%93urette_Mathieu;2174
143_AU;Mathurin Rodolphe;Mathurin;Rodolphe;m;rodolphe-mathurin-sonson-mathurin.40382;;09/12/1967;1967;Port-au-Prince;Haïti;;;;;Haïti;;haïtienne;romancier;enseignant;essayiste;Français;;;Q83521548;0000 0003 7142 7047;251038722;#N/A;#N/A;#N/A;https://fr.wikipedia.org/wiki/Rodolphe_Mathurin;3884;#N/A;#N/A
144_AU;Maurouard Elvire;Maurouard;Elvire;f;elvire-maurouard.5772;maurouard;01/01/1971;1971;Jérémie;Haïti;;;;;Haïti;;haïtienne;écrivain;;;Français;;;Q12890330;0000 0001 1038 8115;12488209;#N/A;#N/A;#N/A;#N/A;#N/A;https://ht.wikipedia.org/wiki/Elvire_Maurouard;3895
145_AU;Merisier Emilio;Merisier;Emilio;m;emilio-merisier.19581;;;1992;Port-au-Prince;Haïti;;;;;Haïti;États-Unis;américano-haïtienne;poète;;;Français;Anglais;;;;;http://www.shelterofpoetry.webs.com;#N/A;#N/A;#N/A;#N/A;#N/A;#N/A
146_AU;Métellus Jean;Métellus;Jean;m;jean-metellus.5240;metellus;30/04/1937;1937;Jacmel;Haïti;04/01/2014;2014;Bonneuil-sur-Marne;France;Haïti;France;franco-haïtienne;poète;essayiste;médecin;Français;;;Q3173661;0000 0001 1038 4448;12312423;http://www.jeanmetellus.com;https://en.wikipedia.org/wiki/Jean_Metellus;2833;https://fr.wikipedia.org/wiki/Jean_M%C3%A9tellus;8799;https://ht.wikipedia.org/wiki/Jean_Metellus;4450
147_AU;Michel Emeline;Michel;Emeline;f;emeline-michel.6661;;01/01/1967;1967;Gonaïves;Haïti;;;;;Haïti;;haïtienne;musicien;;;Français;;;Q5370358;0000 0000 7365 6386;44495833;http://www.emeline-michel.com;https://en.wikipedia.org/wiki/Emeline_Michel;2034;https://fr.wikipedia.org/wiki/%C3%89meline_Michel;13575;https://ht.wikipedia.org/wiki/Emeline_Michel;3647
148_AU;Michel G. Bertrand;Michel;G. Bertrand;m;g-bertrand-michel.39804;;;;Port-au-Prince;Haïti;;;;;Haïti;;haïtienne;universitaire;;;Français;;;Q3309004;;133938850;#N/A;#N/A;#N/A;#N/A;#N/A;#N/A;#N/A
149_AU;Milard Martine;Milard;Martine;f;martine-milard.39817;;;1978;;;;;;;Haïti;;haïtienne;journaliste;peintre;;Français;;;;;79225128;#N/A;#N/A;#N/A;#N/A;#N/A;#N/A;#N/A
150_AU;Milcé Jean-Euphèle;Milcé;Jean-Euphèle;m;jean-euphele-milce.14143;milce;01/01/1969;1969;;;;;;;Haïti;;haïtienne;écrivain;poète;journaliste;Français;;;Q12891863;0000 0001 2145 6507;101168619;#N/A;#N/A;#N/A;https://fr.wikipedia.org/wiki/Jean-Euph%C3%A8le_Milc%C3%A9;6150;https://ht.wikipedia.org/wiki/Jean-Euph%C3%A8le_Milc%C3%A9;2145
152_AU;Moïse Lenelle;Moïse;Lenelle;f;lenelle-moise.39606;;01/01/1980;1980;Port-au-Prince;Haïti;;;;;Haïti;États-Unis;américano-haïtienne;poète;dramaturge;écrivain;Français;Anglais;;Q6522408;0000 0004 2337 5745;305856687;http://www.lenellemoise.com/;https://en.wikipedia.org/wiki/Lenelle_Mo%C3%AFse;4600;#N/A;#N/A;https://ht.wikipedia.org/wiki/Lenelle_Mo%C3%AFse;1500
151_AU;Moïse Serge H.;Moïse;Serge H.;m;serge-h-moise.49711;;;1942;;;;;;;Haïti;Canada;canado-haïtienne;avocat;auteur;;Français;;;;;309817046;#N/A;#N/A;#N/A;#N/A;#N/A;#N/A;#N/A
153_AU;Mondesir Jean Billy;Mondesir;Jean Billy;m;jean-billy-mondesir.38629;;;1984;Cayes;Haïti;;;;;Haïti;;haïtienne;bibliothécaire;auteur;;Créole;Français;;;;8,15E+18;#N/A;#N/A;#N/A;#N/A;#N/A;#N/A;#N/A
154_AU;Monnin Michel;Monnin;Michel;m;;monnin;01/01/1941;1941;;;;;;;Suisse;;suisse;écrivain;;;Français;;;Q6836494;0000 0000 2563 1213;71568689;#N/A;https://en.wikipedia.org/wiki/Michel_Monnin;1205;#N/A;#N/A;#N/A;#N/A
155_AU;Narcisse J.-P. Richard;Narcisse;J.-P. Richard;m;;narcisse;19/06/1961;1961;Port-au-Prince;Haïti;;;;;Haïti;;haïtienne;poète;dramaturge;;Créole;Français;;Q55217260;0000 0000 9978 1521 ;148174045;#N/A;#N/A;#N/A;#N/A;#N/A;#N/A;#N/A
156_AU;Neptune Miriam;Neptune;Miriam;f;miriam-neptune.14781;;;;;;;;;;Haïti;;haïtienne;bibliothécaire;formateur;;Français;;;;;;http://neptunemir.github.io/webpage/;#N/A;#N/A;#N/A;#N/A;#N/A;#N/A
157_AU;Nerette Leslie Gaëlle;Nerette;Leslie Gaëlle;f;leslie-gaelle-nerette.16703;;;;;;;;;;Haïti;;haïtienne;peintre;;;Français;;;;;;#N/A;#N/A;#N/A;#N/A;#N/A;#N/A;#N/A
158_AU;Noël James;Noël;James;m;;noel;01/01/1978;1978;Hinche;Haïti;;;;;Haïti;;haïtienne;écrivain;acteur;poète;Français;;;Q3161308;0000 0000 7851 2357;58863888;#N/A;https://en.wikipedia.org/wiki/James_No%C3%ABl_(poet);2784;https://fr.wikipedia.org/wiki/James_No%C3%ABl;12200;https://ht.wikipedia.org/wiki/James_No%C3%ABl;4469
159_AU;Ollivier Émile;Ollivier;Émile;m;;ollivier;11/02/1940;1940;Port-au-Prince;Haïti;10/11/2002;2002;Montreal;Canada;Haïti;Canada;canado-haïtienne;écrivain;;;Français;;;Q286293;0000 0001 1030 5455;87423596;#N/A;https://en.wikipedia.org/wiki/%C3%89mile_Ollivier;18163;https://fr.wikipedia.org/wiki/%C3%89mile_Ollivier_(homme_politique);22479;#N/A;#N/A
160_AU;Orcel Makenzy;Orcel;Makenzy;m;;orcel;18/09/1983;1983;Port-au-Prince;Haïti;;;;;Haïti;;haïtienne;écrivain;;;Français;;;Q3280752;0000 0001 2145 7331;101540165;#N/A;#N/A;#N/A;https://fr.wikipedia.org/wiki/Makenzy_Orcel;5100;https://ht.wikipedia.org/wiki/Makenzy_Orcel;3243
161_AU;Papillon Margaret;Papillon;Margaret;f;;papillon_margaret;14/11/1958;1958;Port-au-Prince;Haïti;;;;;Haïti;;haïtienne;écrivain;;;Français;;;Q12894055;0000 0000 5160 1149;46871390;#N/A;#N/A;#N/A;#N/A;#N/A;https://ht.wikipedia.org/wiki/Margaret_Papillon;1104
162_AU;Papillon Iléus;Papillon;Iléus;m;;papillon_ileus;08/06/1984;1984;Haïti;Haïti;;;;;Haïti;;haïtienne;écrivain;poète;journaliste;Français;;;Q55217189;;308246796;#N/A;#N/A;#N/A;https://fr.wikipedia.org/wiki/Il%C3%A9us_Papillon;4022;https://ht.wikipedia.org/wiki/Il%C3%A9us_Papillon;3860
163_AU;Paret Roland;Paret;Roland;m;;paret;01/01/1943;1943;Cap-Haïtien;Haïti;;;;;Haïti;;haïtienne;réalisateur;scénariste;;Français;;;Q18607375;0000 0000 7418 7999;77542865;#N/A;#N/A;#N/A;#N/A;#N/A;https://ht.wikipedia.org/wiki/Roland_Paret;1186
164_AU;Pasquet Fabienne;Pasquet;Fabienne;f;;pasquet_fabienne;22/12/1954;1954;Geneva;Suisse;;;;;Suisse;France;franco-suisse;écrivain;acteur;traducteur;Français;;;Q12890543;0000 0000 3197 2479;69067500;#N/A;#N/A;#N/A;#N/A;#N/A;https://ht.wikipedia.org/wiki/Fabienne_Pasquet;952
165_AU;Pasquet Jean-Marc;Pasquet;Jean-Marc;m;;pasquet_jean-marc;01/01/1959;1957;;Suisse;;;;;Suisse;;suisse;écrivain;;;Français;;;Q12891869;0000 0000 5622 2383;17339130;#N/A;#N/A;#N/A;#N/A;#N/A;https://ht.wikipedia.org/wiki/Jean-Marc_Pasquet;737
166_AU;Paul Cauvin;Paul;Cauvin;m;;paul;03/03/1942;1942;Port-de-Paix;Haïti;;;;;Haïti;;haïtienne;écrivain;;;Créole;;;Q12888685;0000 0000 7364 2080;12482254;#N/A;#N/A;#N/A;#N/A;#N/A;https://ht.wikipedia.org/wiki/Cauvin_Paul;829
167_AU;Péan Stanley;Péan;Stanley;m;;pean;31/03/1966;1966;Port-au-Prince;Haïti;;;;;Haïti;Canada;canado-haïtienne;écrivain;;;Français;;;Q3496855;0000 0000 7361 3175;12423959;#N/A;#N/A;#N/A;https://fr.wikipedia.org/wiki/Stanley_P%C3%A9an;14474;https://ht.wikipedia.org/wiki/Stanley_P%C3%A9an;3516
168_AU;Phelps Anthony;Phelps;Anthony;m;;phelps;25/08/1928;1928;Port-au-Prince;Haïti;;;;;Haïti;;haïtienne;écrivain;dramaturge;poète;Français;;;Q2852916;0000 0001 1047 1891;27080479;#N/A;#N/A;#N/A;https://fr.wikipedia.org/wiki/Anthony_Phelps;16675;https://ht.wikipedia.org/wiki/Anthony_Phelps;13349
169_AU;Pierre Claude C.;Pierre;Claude C.;m;;pierre_claude;28/02/1941;1941;Corail, Grand'Anse;Haïti;24/06/2017;2017;Canada;Canada;Haïti;Canada;canado-haïtienne;poète;;;Français;;;Q2977119;0000 0000 7363 1189;66592624;#N/A;#N/A;#N/A;https://fr.wikipedia.org/wiki/Claude_C._Pierre;3999;https://ht.wikipedia.org/wiki/Claude_Pierre;2772
170_AU;Pierre-Dahomey Néhémy;Pierre-Dahomey;Néhémy;m;;pierre-dahomey;;1986;Port-au-Prince;Haïti;;;;;Haïti;France;franco-haïtienne;écrivain;;;Français;;;Q55217188;0000 0004 5949 2249;;#N/A;#N/A;#N/A;#N/A;#N/A;#N/A;#N/A
171_AU;Poujol Oriol Paulette;Poujol Oriol;Paulette;f;;poujol-oriol;12/05/1926;1926;Port-au-Prince;Haïti;11/03/2011;2011;;;Haïti;;haïtienne;acteur;romancier;écrivain;Français;;;Q12895266;0000 0000 3286 5675;21358336;#N/A;https://en.wikipedia.org/wiki/Paulette_Poujol-Oriol;8460;#N/A;#N/A;https://ht.wikipedia.org/wiki/Paulette_Poujol_Oriol;1566
172_AU;Prophète Emmelie;Prophète;Emmelie;f;;prophete_emmelie;15/06/1971;1971;Port-au-Prince;Haïti;;;;;Haïti;;haïtienne;journaliste;poète;écrivain;Français;;;Q3053007;0000 0001 2131 5552;47904412;#N/A;https://en.wikipedia.org/wiki/Emmelie_Proph%C3%A8te;2360;https://fr.wikipedia.org/wiki/Emmelie_Proph%C3%A8te;4337;https://ht.wikipedia.org/wiki/Emmelie_Proph%C3%A8te;2597
173_AU;Régis Guy;Régis;Guy;m;;regis;01/01/1974;1974;Port-au-Prince;Haïti;;;;;Haïti;;haïtienne;écrivain;réalisateur;dramaturge;Français;;;Q2396474;0000 0001 2207 5263;170304147;#N/A;#N/A;#N/A;https://fr.wikipedia.org/wiki/Guy_Junior_R%C3%A9gis;15312;https://ht.wikipedia.org/wiki/Guy_Junior_R%C3%A9gis;2706
174_AU;Renaud Alix;Renaud;Alix;m;;renaud;30/08/1945;1945;Port-au-Prince;Haïti;;;;;Haïti;;haïtienne;journaliste;poète;écrivain;Français;;;Q2837289;0000 0001 0899 0297;49327117;#N/A;#N/A;#N/A;https://fr.wikipedia.org/wiki/Alix_Renaud;13126;https://ht.wikipedia.org/wiki/Alix_Renaud;3952
175_AU;Rey Charlier Jacques;Rey Charlier;Jacques;m;;charlier_jacques;04/05/1945;1945;;;;;;;Haïti;;haïtienne;écrivain;;;Français;;;Q79392504;;;#N/A;#N/A;#N/A;#N/A;#N/A;#N/A;#N/A
176_AU;Rigaud Apollon Marlène;Rigaud Apollon;Marlène;f;marlene-rigaud-apollon.32103;apollon;01/01/1945;1945;Cap-Haïtien;Haïti;;;;;Haïti;;haïtienne;poète;écrivain;;Français;;;Q12894134;0000 0000 4251 8351;4204233;#N/A;https://en.wikipedia.org/wiki/Marl%C3%A8ne_Rigaud_Apollon;2713;#N/A;#N/A;https://ht.wikipedia.org/wiki/Marl%C3%A8ne_Rigaud_Apollon;1369
177_WIKI;Jacques Roche;Roche;Jacques;m;;;01/01/1961;1961;Cavaellon;Haïti;14/07/2005;2005;Haïti;Haïti;Haïti;;haïtienne;journaliste;poète;;Français;;;Q3159899;0000 0000 8075 3125;122368037;#N/A;https://en.wikipedia.org/wiki/Jacques_Roche;9959;https://fr.wikipedia.org/wiki/Jacques_Roche;2539;https://ht.wikipedia.org/wiki/Jacques_Roche;801
178_WIKI;Roger Gaillard;Roger;Gaillard;m;;gaillard;10/04/1923;1923;Port-au-Prince;Haïti;25/05/2000;2000;;;Haïti;;haïtienne;universitaire;écrivain;;Français;;;Q3438996;0000 0000 2268 693X;27074457;#N/A;https://en.wikipedia.org/wiki/Roger_Gaillard_(historian);1850;https://fr.wikipedia.org/wiki/Roger_Gaillard_(historien_ha%C3%AFtien);3191;https://ht.wikipedia.org/wiki/Roger_Gaillard;1624
179_AU;Saint-Éloi Rodney;Saint-Éloi;Rodney;m;;saint-eloi;27/08/1963;1963;Cavaellon;Haïti;;;;;Haïti;;haïtienne;écrivain;poète;essayiste;Français;;;Q3438235;0000 0001 2101 5701;56783467;#N/A;https://en.wikipedia.org/wiki/Rodney_Saint-%C3%89loi;2505;https://fr.wikipedia.org/wiki/Rodney_Saint-%C3%89loi;6059;https://ht.wikipedia.org/wiki/Rodney_Saint-%C3%89loi;1185
180_AU;Saint-Louis Mentor Ulysse ;Saint-Louis Mentor;Ulysse ;m;ulysse-saint-louis-mentor.52497;;;;;;;;;;Haïti;Canada;canado-haïtienne;universitaire;;;Français;;;;;;#N/A;#N/A;#N/A;#N/A;#N/A;#N/A;#N/A
181_AU;Sandino  Alexandre Fednel;Sandino ;Alexandre Fednel;m;;;;1978;;;;;;;Haïti;;haïtienne;écrivain;;;Français;;;;0000 0000 4393 7304;46304109;#N/A;#N/A;#N/A;#N/A;#N/A;#N/A;#N/A
182_AU;Scott-Lemoine Jacqueline;Scott-Lemoine;Jacqueline;f;;scott;28/10/1923;1923;Port-au-Prince;Haïti;09/07/2011;2011;Dakar;Sénégal;Haïti;Sénégal;sénégalo-haïtienne;acteur;écrivain;;Français;;;Q26252340;0000 0000 4303 2759;19931184;#N/A;#N/A;#N/A;https://fr.wikipedia.org/wiki/Jacqueline_Scott-Lemoine;7059;https://ht.wikipedia.org/wiki/Jacqueline_Scott-Lemoine;805
183_AU;Suprice Lenous Guillaume;Suprice;Lenous Guillaume;m;;suprice;;;Fond des Blancs;Haïti;;;;;Haïti;Canada;canado-haïtienne;poète;écrivain;;Créole;Français;;Q55217215;;;#N/A;#N/A;#N/A;#N/A;#N/A;#N/A;#N/A
184_AU;Suréna Elsie;Suréna;Elsie;f;;surena;01/01/1956;1956;Port-au-Prince;Haïti;;;;;Haïti;;haïtienne;photographe;poète;;Français;;;Q12890326;0000 0001 1497 7646;122176630;#N/A;https://en.wikipedia.org/wiki/Elsie_Sur%C3%A9na;3380;#N/A;#N/A;https://ht.wikipedia.org/wiki/Elsie_Surena;1367
185_AU;Tavernier Janine;Tavernier;Janine;f;;tavernier;23/03/1935;1935;Port-au-Prince;Haïti;27/02/2019;2019;Tampa;États-Unis;Haïti;États-Unis;américano-haïtienne;romancier;poète;universitaire;Français;;;Q3162015;0000 0000 7363 2739;71514411;#N/A;#N/A;#N/A;https://fr.wikipedia.org/wiki/Janine_Tavernier;4916;#N/A;#N/A
186_AU;Théard Marie-Alice;Théard;Marie-Alice;f;;theard;03/08/1948;1948;Port-au-Prince;Haïti;;;;;Haïti;;haïtienne;romancier;poète;écrivain;Français;;;Q12894088;0000 0000 3749 9854;14109213;#N/A;https://en.wikipedia.org/wiki/Marie-Alice_Th%C3%A9ard;2493;#N/A;#N/A;https://ht.wikipedia.org/wiki/Marie-Alice_Th%C3%A9ard;1206
187_AU;Trouillot Évelyne;Trouillot;Évelyne;f;;trouillot_evelyne;02/01/1954;1954;Port-au-Prince;Haïti;;;;;Haïti;;haïtienne;dramaturge;écrivain;poète;Français;;;Q12890535;0000 0001 1461 5119;59220009;#N/A;https://en.wikipedia.org/wiki/%C3%89velyne_Trouillot;4853;https://fr.wikipedia.org/wiki/%C3%89velyne_Trouillot;5739;https://ht.wikipedia.org/wiki/%C3%89velyne_Trouillot;2448
188_AU;Trouillot Lyonel;Trouillot;Lyonel;m;;trouillot_lyonel;31/12/1956;1956;Port-au-Prince;Haïti;;;;;Haïti;;haïtienne;journaliste;poète;écrivain;Français;;;Q637689;0000 0003 8321 3791;267680342;#N/A;https://en.wikipedia.org/wiki/Lyonel_Trouillot;6134;https://fr.wikipedia.org/wiki/Lyonel_Trouillot;10179;https://ht.wikipedia.org/wiki/Lyonel_Trouillot;7938
189_AU;Victor Gary;Victor;Gary;m;;victor_gary;09/07/1958;1958;Port-au-Prince;Haïti;;;;;Haïti;;haïtienne;journaliste;dramaturge;scénariste;Français;;;Q3098632;0000 0001 0866 2517;6109517;#N/A;https://en.wikipedia.org/wiki/Gary_Victor;3821;https://fr.wikipedia.org/wiki/Gary_Victor;8831;https://ht.wikipedia.org/wiki/Gary_Victor;5718
190_AU;Voltaire Marcelin Michèle;Voltaire Marcelin;Michèle;f;;voltaire-marcelin;01/01/1955;1955;Port-au-Prince;Haïti;;;;;Haïti;;haïtienne;écrivain;;;Français;;;Q18461233;0000 0001 1454 3637;106569746;#N/A;#N/A;#N/A;#N/A;#N/A;https://ht.wikipedia.org/wiki/Mich%C3%A8le_Voltaire-Marcelin;895
