;wikipage_en;wikipage_fr;wikipage_ht;len_wiki_en;len_wiki_fr;len_wiki_ht;;;;;;wiki_url;len
Q61108056;;;https://ht.wikipedia.org/wiki/Selmy_Accilien;#N/A;#N/A;1741;;;;;;https://ht.wikipedia.org/wiki/Selmy_Accilien;1741
Q3291756;https://en.wikipedia.org/wiki/Marie-C%C3%A9lie_Agnant;https://fr.wikipedia.org/wiki/Marie-C%C3%A9lie_Agnant;https://ht.wikipedia.org/wiki/Marie-C%C3%A9lie_Agnant;3800;5886;2142;;;;;;https://en.wikipedia.org/wiki/Marie-C%C3%A9lie_Agnant;3800
Q3031679;https://en.wikipedia.org/wiki/Jacques_Stephen_Alexis;https://fr.wikipedia.org/wiki/Jacques_Stephen_Alexis;https://ht.wikipedia.org/wiki/Jacques-Stephen_Alexis;6039;11864;7592;;;;;;https://fr.wikipedia.org/wiki/Marie-C%C3%A9lie_Agnant;5886
Q1508785;https://en.wikipedia.org/wiki/Georges_Anglade;https://fr.wikipedia.org/wiki/Georges_Anglade;https://ht.wikipedia.org/wiki/Georges_Anglade;5508;8303;3542;;;;;;https://ht.wikipedia.org/wiki/Marie-C%C3%A9lie_Agnant;2142
Q2852891;;https://fr.wikipedia.org/wiki/Anthony_Lesp%C3%A8s;https://ht.wikipedia.org/wiki/Anthony_Lesp%C3%A8s;#N/A;3939;1099;;;;;;https://en.wikipedia.org/wiki/Jacques_Stephen_Alexis;6039
Q16945793;;;https://ht.wikipedia.org/wiki/Antoine_Innocent;#N/A;#N/A;1964;;;;;;https://fr.wikipedia.org/wiki/Jacques_Stephen_Alexis;11864
Q3336266;;https://fr.wikipedia.org/wiki/Nassur_Attoumani;https://ht.wikipedia.org/wiki/Nassur_Attoumani;#N/A;8732;2963;;;;;;https://ht.wikipedia.org/wiki/Jacques-Stephen_Alexis;7592
Q19663803;https://en.wikipedia.org/wiki/Elsie_Augustave;;https://ht.wikipedia.org/wiki/Elsie_Augustave;3348;#N/A;1001;;;;;;https://en.wikipedia.org/wiki/Georges_Anglade;5508
Q16945858;;;https://ht.wikipedia.org/wiki/Bonel_Auguste;#N/A;#N/A;840;;;;;;https://fr.wikipedia.org/wiki/Georges_Anglade;8303
Q16946325;;;https://ht.wikipedia.org/wiki/Gary_Augustin;#N/A;#N/A;905;;;;;;https://ht.wikipedia.org/wiki/Georges_Anglade;3542
Q4665140;https://en.wikipedia.org/wiki/Abdou_Baco;;https://ht.wikipedia.org/wiki/Abdou_Baco;1995;#N/A;691;;;;;;https://fr.wikipedia.org/wiki/Anthony_Lesp%C3%A8s;3939
Q16266631;https://en.wikipedia.org/wiki/Mimi_Barth%C3%A9l%C3%A9my;https://fr.wikipedia.org/wiki/Mimi_Barth%C3%A9l%C3%A9my;https://ht.wikipedia.org/wiki/Mimi_Barth%C3%A9l%C3%A9my;3441;5485;7116;;;;;;https://ht.wikipedia.org/wiki/Anthony_Lesp%C3%A8s;1099
Q88413613;;;;#N/A;#N/A;#N/A;;;;;;https://ht.wikipedia.org/wiki/Antoine_Innocent;1964
Q16029082;;https://fr.wikipedia.org/wiki/Dominique_Batraville;https://ht.wikipedia.org/wiki/Dominique_Batraville;#N/A;3912;2811;;;;;;https://fr.wikipedia.org/wiki/Nassur_Attoumani;8732
Q3157670;https://en.wikipedia.org/wiki/Jacqueline_Beaug%C3%A9-Rosier;https://fr.wikipedia.org/wiki/Jacqueline_Beaug%C3%A9-Rosier;https://ht.wikipedia.org/wiki/Jacqueline_Beaug%C3%A9-Rosier;3206;3944;910;;;;;;https://ht.wikipedia.org/wiki/Nassur_Attoumani;2963
Q18575751;;;https://ht.wikipedia.org/wiki/Ren%C3%A9_B%C3%A9lance;#N/A;#N/A;921;;;;;;https://en.wikipedia.org/wiki/Elsie_Augustave;3348
Q79392218;;;;#N/A;#N/A;#N/A;;;;;;https://ht.wikipedia.org/wiki/Elsie_Augustave;1001
Q3015752;https://en.wikipedia.org/wiki/Dant%C3%A8s_Bellegarde;https://fr.wikipedia.org/wiki/Dant%C3%A8s_Louis_Bellegarde;https://ht.wikipedia.org/wiki/Dant%C3%A8s_Bellegarde;2835;8765;2178;;;;;;https://ht.wikipedia.org/wiki/Bonel_Auguste;840
Q12892188;;;https://ht.wikipedia.org/wiki/Jules_Bellerice;#N/A;#N/A;789;;;;;;https://ht.wikipedia.org/wiki/Gary_Augustin;905
Q12890785;;;https://ht.wikipedia.org/wiki/Franz_Benjamin;#N/A;#N/A;1714;;;;;;https://en.wikipedia.org/wiki/Abdou_Baco;1995
Q55217164;;;;#N/A;#N/A;#N/A;;;;;;https://ht.wikipedia.org/wiki/Abdou_Baco;691
Q3309004;;https://fr.wikipedia.org/wiki/Michel_Bertrand_(m%C3%A9decin);;#N/A;3267;#N/A;;;;;;https://en.wikipedia.org/wiki/Mimi_Barth%C3%A9l%C3%A9my;3441
Q3123601;https://en.wikipedia.org/wiki/G%C3%A9rald_Bloncourt;https://fr.wikipedia.org/wiki/G%C3%A9rald_Bloncourt;https://ht.wikipedia.org/wiki/G%C3%A9rald_Bloncourt;1932;11209;1319;;;;;;https://fr.wikipedia.org/wiki/Mimi_Barth%C3%A9l%C3%A9my;5485
Q55217166;;;;#N/A;#N/A;#N/A;;;;;;https://ht.wikipedia.org/wiki/Mimi_Barth%C3%A9l%C3%A9my;7116
Q12891871;;;https://ht.wikipedia.org/wiki/Jean-Marie_Bourjolly;#N/A;#N/A;685;;;;;;https://fr.wikipedia.org/wiki/Dominique_Batraville;3912
Q16946633;;;https://ht.wikipedia.org/wiki/Jean-Pierre_Brax;#N/A;#N/A;9665;;;;;;https://ht.wikipedia.org/wiki/Dominique_Batraville;2811
Q3165387;https://en.wikipedia.org/wiki/Jean-Fernand_Brierre;https://fr.wikipedia.org/wiki/Jean-Fernand_Brierre;https://ht.wikipedia.org/wiki/Jean-Fernand_Brierre;4620;6832;1151;;;;;;https://en.wikipedia.org/wiki/Jacqueline_Beaug%C3%A9-Rosier;3206
Q2938879;https://en.wikipedia.org/wiki/Carl_Brouard;https://fr.wikipedia.org/wiki/Carl_Brouard;https://ht.wikipedia.org/wiki/Carl_Brouard;2448;4515;2066;;;;;;https://fr.wikipedia.org/wiki/Jacqueline_Beaug%C3%A9-Rosier;3944
Q39738159;;;https://ht.wikipedia.org/wiki/Emmanuel_Buriez;#N/A;#N/A;2749;;;;;;https://ht.wikipedia.org/wiki/Jacqueline_Beaug%C3%A9-Rosier;910
Q16946629;;;https://ht.wikipedia.org/wiki/Jean-Max_Calvin;#N/A;#N/A;793;;;;;;https://ht.wikipedia.org/wiki/Ren%C3%A9_B%C3%A9lance;921
Q953097;https://en.wikipedia.org/wiki/Roussan_Camille;https://fr.wikipedia.org/wiki/Roussan_Camille;https://ht.wikipedia.org/wiki/Roussan_Camille;3459;4170;783;;;;;;https://en.wikipedia.org/wiki/Dant%C3%A8s_Bellegarde;2835
Q18421742;;;https://ht.wikipedia.org/wiki/Mayotte_Cap%C3%A9cia;#N/A;#N/A;1063;;;;;;https://fr.wikipedia.org/wiki/Dant%C3%A8s_Louis_Bellegarde;8765
Q12888836;;;https://ht.wikipedia.org/wiki/Charles_Edward_Caplife;#N/A;#N/A;1072;;;;;;https://ht.wikipedia.org/wiki/Dant%C3%A8s_Bellegarde;2178
Q12894241;;;https://ht.wikipedia.org/wiki/Maurice_Cass%C3%A9us;#N/A;#N/A;853;;;;;;https://ht.wikipedia.org/wiki/Jules_Bellerice;789
Q12890993;https://en.wikipedia.org/wiki/Georges_Castera;https://fr.wikipedia.org/wiki/Georges_Castera;https://ht.wikipedia.org/wiki/Georges_Castera;2669;16949;3310;;;;;;https://ht.wikipedia.org/wiki/Franz_Benjamin;1714
Q18642641;;;https://ht.wikipedia.org/wiki/Syto_Cav%C3%A9;#N/A;#N/A;2519;;;;;;https://fr.wikipedia.org/wiki/Michel_Bertrand_(m%C3%A9decin);3267
Q62577905;https://en.wikipedia.org/wiki/Cl%C3%A9ante_Valcin;;https://ht.wikipedia.org/wiki/Cl%C3%A9ante_Valcin;1831;#N/A;2161;;;;;;https://en.wikipedia.org/wiki/G%C3%A9rald_Bloncourt;1932
Q12890350;;https://fr.wikipedia.org/wiki/%C3%89mile_C%C3%A9lestin-M%C3%A9gie;https://ht.wikipedia.org/wiki/%C3%89mile_C%C3%A9lestin-M%C3%A9gie;#N/A;3871;1646;;;;;;https://fr.wikipedia.org/wiki/G%C3%A9rald_Bloncourt;11209
Q18631149;https://en.wikipedia.org/wiki/Myriam_J._A._Chancy;;;5868;#N/A;#N/A;;;;;;https://ht.wikipedia.org/wiki/G%C3%A9rald_Bloncourt;1319
Q5111758;https://en.wikipedia.org/wiki/Christophe_Charles;https://fr.wikipedia.org/wiki/Christophe_Philippe_Charles;https://ht.wikipedia.org/wiki/Christophe_Charles;1591;4837;3550;;;;;;https://ht.wikipedia.org/wiki/Jean-Marie_Bourjolly;685
Q12891856;;;https://ht.wikipedia.org/wiki/Jean-Claude_Charles;#N/A;#N/A;812;;;;;;https://ht.wikipedia.org/wiki/Jean-Pierre_Brax;9665
Q12896026;https://en.wikipedia.org/wiki/Raymond_Chassagne;https://fr.wikipedia.org/wiki/Raymond_Chassagne;https://ht.wikipedia.org/wiki/Raymond_Chassagne;1628;4348;1170;;;;;;https://en.wikipedia.org/wiki/Jean-Fernand_Brierre;4620
Q11973505;;;;#N/A;#N/A;#N/A;;;;;;https://fr.wikipedia.org/wiki/Jean-Fernand_Brierre;6832
Q20562029;;;https://ht.wikipedia.org/wiki/Romel_Chery;#N/A;#N/A;718;;;;;;https://ht.wikipedia.org/wiki/Jean-Fernand_Brierre;1151
Q18555690;;;https://ht.wikipedia.org/wiki/Pierre_Clitandre;#N/A;#N/A;2228;;;;;;https://en.wikipedia.org/wiki/Carl_Brouard;2448
Q3102491;;https://fr.wikipedia.org/wiki/Georges_Cocks;https://ht.wikipedia.org/wiki/Georges_Cocks;#N/A;6154;1798;;;;;;https://fr.wikipedia.org/wiki/Carl_Brouard;4515
Q3132299;https://en.wikipedia.org/wiki/Marie-Th%C3%A9r%C3%A8se_Colimon-Hall;https://fr.wikipedia.org/wiki/Marie-Th%C3%A9r%C3%A8se_Colimon_Hall;https://ht.wikipedia.org/wiki/Marie-Th%C3%A9r%C3%A8se_Colimon-Hall;2384;6194;1787;;;;;;https://ht.wikipedia.org/wiki/Carl_Brouard;2066
Q12891886;;;https://ht.wikipedia.org/wiki/Jean_Andr%C3%A9_Constant;#N/A;#N/A;885;;;;;;https://ht.wikipedia.org/wiki/Emmanuel_Buriez;2749
Q91207438;;;;#N/A;#N/A;#N/A;;;;;;https://ht.wikipedia.org/wiki/Jean-Max_Calvin;793
Q18084484;;;https://ht.wikipedia.org/wiki/Verly_Dabel;#N/A;#N/A;2179;;;;;;https://en.wikipedia.org/wiki/Roussan_Camille;3459
Q1315386;https://en.wikipedia.org/wiki/Louis-Philippe_Dalembert;https://fr.wikipedia.org/wiki/Louis-Philippe_Dalembert;https://ht.wikipedia.org/wiki/Louis-Philippe_Dalembert;7814;10839;7983;;;;;;https://fr.wikipedia.org/wiki/Roussan_Camille;4170
Q47087234;;https://fr.wikipedia.org/wiki/Jean_D%27Am%C3%A9rique;;#N/A;6339;#N/A;;;;;;https://ht.wikipedia.org/wiki/Roussan_Camille;783
Q450346;https://en.wikipedia.org/wiki/Edwidge_Danticat;https://fr.wikipedia.org/wiki/Edwidge_Danticat;https://ht.wikipedia.org/wiki/Edwidge_Danticat;31591;6676;1157;;;;;;https://ht.wikipedia.org/wiki/Mayotte_Cap%C3%A9cia;1063
Q7930927;https://en.wikipedia.org/wiki/Villard_Denis;;https://ht.wikipedia.org/wiki/Davertige;1898;#N/A;823;;;;;;https://ht.wikipedia.org/wiki/Charles_Edward_Caplife;1072
Q59581;https://en.wikipedia.org/wiki/Ren%C3%A9_Depestre;https://fr.wikipedia.org/wiki/Ren%C3%A9_Depestre;https://ht.wikipedia.org/wiki/Ren%C3%A9_Depestre;15223;18853;3657;;;;;;https://ht.wikipedia.org/wiki/Maurice_Cass%C3%A9us;853
Q18627792;;;https://ht.wikipedia.org/wiki/Sophia_D%C3%A9sir;#N/A;#N/A;3665;;;;;;https://en.wikipedia.org/wiki/Georges_Castera;2669
Q12893500;https://en.wikipedia.org/wiki/Lilas_Desquiron;;https://ht.wikipedia.org/wiki/Lilas_Desquiron;1665;#N/A;804;;;;;;https://fr.wikipedia.org/wiki/Georges_Castera;16949
Q55217155;;;;#N/A;#N/A;#N/A;;;;;;https://ht.wikipedia.org/wiki/Georges_Castera;3310
Q12891968;;;https://ht.wikipedia.org/wiki/Jenner_Desroches;#N/A;#N/A;805;;;;;;https://ht.wikipedia.org/wiki/Syto_Cav%C3%A9;2519
Q3187394;;https://fr.wikipedia.org/wiki/Jo%C3%ABl_Des_Rosiers;https://ht.wikipedia.org/wiki/Jo%C3%ABl_Des_Rosiers;#N/A;14932;2823;;;;;;https://en.wikipedia.org/wiki/Cl%C3%A9ante_Valcin;1831
Q16946539;;https://fr.wikipedia.org/wiki/Jan_J._Dominique;https://ht.wikipedia.org/wiki/Jan_J._Dominique;#N/A;7197;791;;;;;;https://ht.wikipedia.org/wiki/Cl%C3%A9ante_Valcin;2161
Q18412231;;;https://ht.wikipedia.org/wiki/Max_Dorsinville;#N/A;#N/A;1415;;;;;;https://fr.wikipedia.org/wiki/%C3%89mile_C%C3%A9lestin-M%C3%A9gie;3871
Q2990316;https://en.wikipedia.org/wiki/Roger_Dorsinville;https://fr.wikipedia.org/wiki/Roger_Dorsinville;https://ht.wikipedia.org/wiki/Roger_Dorsinville;2683;6541;989;;;;;;https://ht.wikipedia.org/wiki/%C3%89mile_C%C3%A9lestin-M%C3%A9gie;1646
Q55217151;;;;#N/A;#N/A;#N/A;;;;;;https://en.wikipedia.org/wiki/Myriam_J._A._Chancy;5868
Q16946096;;;https://ht.wikipedia.org/wiki/Duccha;#N/A;#N/A;897;;;;;;https://en.wikipedia.org/wiki/Christophe_Charles;1591
Q3048185;https://en.wikipedia.org/wiki/Edner_Brutus;https://fr.wikipedia.org/wiki/Edner_Brutus;https://ht.wikipedia.org/wiki/Edner_Brutus;1124;2663;992;;;;;;https://fr.wikipedia.org/wiki/Christophe_Philippe_Charles;4837
Q55217158;;;;#N/A;#N/A;#N/A;;;;;;https://ht.wikipedia.org/wiki/Christophe_Charles;3550
Q16259761;;https://fr.wikipedia.org/wiki/%C3%89douard_Antonin_Tardieu;;#N/A;3809;#N/A;;;;;;https://ht.wikipedia.org/wiki/Jean-Claude_Charles;812
Q3488805;;https://fr.wikipedia.org/wiki/Soeuf_Elbadawi;https://ht.wikipedia.org/wiki/Soeuf_Elbadawi;#N/A;12493;1029;;;;;;https://en.wikipedia.org/wiki/Raymond_Chassagne;1628
Q289255;https://en.wikipedia.org/wiki/%C3%89tienne_Maurice_G%C3%A9rard;https://fr.wikipedia.org/wiki/%C3%89tienne_Maurice_G%C3%A9rard;;11562;36997;#N/A;;;;;;https://fr.wikipedia.org/wiki/Raymond_Chassagne;4348
Q16946145;;https://fr.wikipedia.org/wiki/Emmanuel_Eug%C3%A8ne;https://ht.wikipedia.org/wiki/Emmanuel_Eug%C3%A8ne;#N/A;2914;1111;;;;;;https://ht.wikipedia.org/wiki/Raymond_Chassagne;1170
Q18341492;;;https://ht.wikipedia.org/wiki/Marc_Exavier;#N/A;#N/A;804;;;;;;https://ht.wikipedia.org/wiki/Romel_Chery;718
Q16946185;;;https://ht.wikipedia.org/wiki/Farah-Martine_Lh%C3%A9risson;#N/A;#N/A;1897;;;;;;https://ht.wikipedia.org/wiki/Pierre_Clitandre;2228
Q12891979;https://en.wikipedia.org/wiki/Jessica_Fi%C3%A8vre;;https://ht.wikipedia.org/wiki/Jessica_Fi%C3%A8vre;3194;#N/A;1071;;;;;;https://fr.wikipedia.org/wiki/Georges_Cocks;6154
Q3164963;https://en.wikipedia.org/wiki/Jean-Claude_Fignol%C3%A9;https://fr.wikipedia.org/wiki/Jean-Claude_Fignol%C3%A9;https://ht.wikipedia.org/wiki/Jean-Claude_Fignol%C3%A9;1208;4301;2785;;;;;;https://ht.wikipedia.org/wiki/Georges_Cocks;1798
Q16946574;;;https://ht.wikipedia.org/wiki/Jean_Florival;#N/A;#N/A;789;;;;;;https://en.wikipedia.org/wiki/Marie-Th%C3%A9r%C3%A8se_Colimon-Hall;2384
Q96952677;;https://fr.wikipedia.org/wiki/Haveson_Florvil;;#N/A;10251;#N/A;;;;;;https://fr.wikipedia.org/wiki/Marie-Th%C3%A9r%C3%A8se_Colimon_Hall;6194
Q12889446;;;https://ht.wikipedia.org/wiki/D%C3%A9ita;#N/A;#N/A;3185;;;;;;https://ht.wikipedia.org/wiki/Marie-Th%C3%A9r%C3%A8se_Colimon-Hall;1787
Q12890741;;;https://ht.wikipedia.org/wiki/Franck_Fouch%C3%A9;#N/A;#N/A;820;;;;;;https://ht.wikipedia.org/wiki/Jean_Andr%C3%A9_Constant;885
Q162778;https://en.wikipedia.org/wiki/Frank%C3%A9tienne;https://fr.wikipedia.org/wiki/Frank%C3%A9tienne;https://ht.wikipedia.org/wiki/Frank%C3%A9tienne;4446;14012;3218;;;;;;https://ht.wikipedia.org/wiki/Verly_Dabel;2179
Q16946141;;;https://ht.wikipedia.org/wiki/Emilie_Franz;#N/A;#N/A;741;;;;;;https://en.wikipedia.org/wiki/Louis-Philippe_Dalembert;7814
Q12890976;;;https://ht.wikipedia.org/wiki/Genevi%C3%A8ve_Gaillard-Vant%C3%A9;#N/A;#N/A;890;;;;;;https://fr.wikipedia.org/wiki/Louis-Philippe_Dalembert;10839
Q782156;https://en.wikipedia.org/wiki/Jean-Claude_Garoute;https://fr.wikipedia.org/wiki/Jean-Claude_Garoute;https://ht.wikipedia.org/wiki/Jean-Claude_Garoute_(Tiga);4029;16933;1282;;;;;;https://ht.wikipedia.org/wiki/Louis-Philippe_Dalembert;7983
Q55725389;;;;#N/A;#N/A;#N/A;;;;;;https://fr.wikipedia.org/wiki/Jean_D%27Am%C3%A9rique;6339
Q12894528;https://en.wikipedia.org/wiki/Mona_Gu%C3%A9rin;;https://ht.wikipedia.org/wiki/Mona_Gu%C3%A9rin;2977;#N/A;2810;;;;;;https://en.wikipedia.org/wiki/Edwidge_Danticat;31591
Q20559271;;;https://ht.wikipedia.org/wiki/Maude_Heurtelou;#N/A;#N/A;8981;;;;;;https://fr.wikipedia.org/wiki/Edwidge_Danticat;6676
Q3828146;;https://fr.wikipedia.org/wiki/Lawrence_Hill_(basket-ball);;#N/A;3222;#N/A;;;;;;https://ht.wikipedia.org/wiki/Edwidge_Danticat;1157
Q16946779;https://en.wikipedia.org/wiki/La%C3%ABnnec_Hurbon;;https://ht.wikipedia.org/wiki/La%C3%ABnnec_Hurbon;4622;#N/A;1788;;;;;;https://en.wikipedia.org/wiki/Villard_Denis;1898
Q16946660;;;https://ht.wikipedia.org/wiki/Joanne_Hyppolite;#N/A;#N/A;755;;;;;;https://ht.wikipedia.org/wiki/Davertige;823
Q3147761;https://en.wikipedia.org/wiki/Ida_Faubert;https://fr.wikipedia.org/wiki/Ida_Faubert;https://ht.wikipedia.org/wiki/Ida_Faubert;9994;3912;3223;;;;;;https://en.wikipedia.org/wiki/Ren%C3%A9_Depestre;15223
Q96198910;;https://fr.wikipedia.org/wiki/Jean_Emmanuel_Jacquet;;#N/A;5144;#N/A;;;;;;https://fr.wikipedia.org/wiki/Ren%C3%A9_Depestre;18853
Q3571564;;https://fr.wikipedia.org/wiki/Yanick_Jean;;#N/A;5964;#N/A;;;;;;https://ht.wikipedia.org/wiki/Ren%C3%A9_Depestre;3657
Q3045911;https://en.wikipedia.org/wiki/Jean_Price-Mars;https://fr.wikipedia.org/wiki/Jean_Price_Mars;https://ht.wikipedia.org/wiki/Jean_Price-Mars;7853;9407;3000;;;;;;https://ht.wikipedia.org/wiki/Sophia_D%C3%A9sir;3665
Q55217152;;;;#N/A;#N/A;#N/A;;;;;;https://en.wikipedia.org/wiki/Lilas_Desquiron;1665
Q12898302;;;https://ht.wikipedia.org/wiki/Wiener_Kerns_Fleurimond;#N/A;#N/A;5658;;;;;;https://ht.wikipedia.org/wiki/Lilas_Desquiron;804
Q3098578;https://en.wikipedia.org/wiki/Gary_Klang;https://fr.wikipedia.org/wiki/Gary_Klang;https://ht.wikipedia.org/wiki/Gary_Klang;7800;10270;6712;;;;;;https://ht.wikipedia.org/wiki/Jenner_Desroches;805
Q12896004;;;https://ht.wikipedia.org/wiki/Rassoul_Labuchin;#N/A;#N/A;1293;;;;;;https://fr.wikipedia.org/wiki/Jo%C3%ABl_Des_Rosiers;14932
Q1165217;https://en.wikipedia.org/wiki/Dany_Laferri%C3%A8re;https://fr.wikipedia.org/wiki/Dany_Laferri%C3%A8re;https://ht.wikipedia.org/wiki/Dany_Laferri%C3%A8re;9653;42313;5774;;;;;;https://ht.wikipedia.org/wiki/Jo%C3%ABl_Des_Rosiers;2823
Q3086821;;https://fr.wikipedia.org/wiki/Fred_Edson_Lafortune;https://ht.wikipedia.org/wiki/Fred_Edson_Lafortune;#N/A;7082;3745;;;;;;https://fr.wikipedia.org/wiki/Jan_J._Dominique;7197
Q12887205;;;https://ht.wikipedia.org/wiki/Alex_Laguerre;#N/A;#N/A;2306;;;;;;https://ht.wikipedia.org/wiki/Jan_J._Dominique;791
Q2599418;https://en.wikipedia.org/wiki/Yanick_Lahens;https://fr.wikipedia.org/wiki/Yanick_Lahens;https://ht.wikipedia.org/wiki/Yanick_Lahens;5379;11442;3834;;;;;;https://ht.wikipedia.org/wiki/Max_Dorsinville;1415
Q3371635;;https://fr.wikipedia.org/wiki/Paul_Laraque;https://ht.wikipedia.org/wiki/Paul_Laraque;#N/A;2267;808;;;;;;https://en.wikipedia.org/wiki/Roger_Dorsinville;2683
Q531431;https://en.wikipedia.org/wiki/Josaphat-Robert_Large;https://fr.wikipedia.org/wiki/Josaphat-Robert_Large;https://ht.wikipedia.org/wiki/Josaphat-Robert_Large;10673;10083;7217;;;;;;https://fr.wikipedia.org/wiki/Roger_Dorsinville;6541
Q18341665;;;https://ht.wikipedia.org/wiki/Marc_Laroche;#N/A;#N/A;1907;;;;;;https://ht.wikipedia.org/wiki/Roger_Dorsinville;989
Q18926023;;https://fr.wikipedia.org/wiki/Maximilien_Laroche;https://ht.wikipedia.org/wiki/Maximilien_Laroche;#N/A;31447;11529;;;;;;https://ht.wikipedia.org/wiki/Duccha;897
Q12889499;;;https://ht.wikipedia.org/wiki/Denize_Lauture;#N/A;#N/A;1176;;;;;;https://en.wikipedia.org/wiki/Edner_Brutus;1124
Q55217112;;https://fr.wikipedia.org/wiki/Coutech%C3%A8ve_Lavoie_Aupont;https://ht.wikipedia.org/wiki/Coutech%C3%A8ve_Lavoie_Aupont;#N/A;3693;1967;;;;;;https://fr.wikipedia.org/wiki/Edner_Brutus;2663
Q16946241;;;https://ht.wikipedia.org/wiki/Frantz_Leconte;#N/A;#N/A;1061;;;;;;https://ht.wikipedia.org/wiki/Edner_Brutus;992
Q12897255;;https://fr.wikipedia.org/wiki/Serge_Legagneur;https://ht.wikipedia.org/wiki/Serge_Legagneur;#N/A;3901;1372;;;;;;https://fr.wikipedia.org/wiki/%C3%89douard_Antonin_Tardieu;3809
Q26252366;;;;#N/A;#N/A;#N/A;;;;;;https://fr.wikipedia.org/wiki/Soeuf_Elbadawi;12493
Q3271119;https://en.wikipedia.org/wiki/Leon_Laleau;https://fr.wikipedia.org/wiki/L%C3%A9on_Laleau;https://ht.wikipedia.org/wiki/L%C3%A9on_Laleau;3468;4137;1442;;;;;;https://ht.wikipedia.org/wiki/Soeuf_Elbadawi;1029
Q3169950;;https://fr.wikipedia.org/wiki/Jean-Robert_L%C3%A9onidas;https://ht.wikipedia.org/wiki/Jean-Robert_L%C3%A9onidas;#N/A;7062;6381;;;;;;https://en.wikipedia.org/wiki/%C3%89tienne_Maurice_G%C3%A9rard;11562
Q47571408;https://en.wikipedia.org/wiki/Nadine_Magloire;;;2232;#N/A;#N/A;;;;;;https://fr.wikipedia.org/wiki/%C3%89tienne_Maurice_G%C3%A9rard;36997
Q2980637;;https://fr.wikipedia.org/wiki/Cl%C3%A9ment_Magloire-Saint-Aude;https://ht.wikipedia.org/wiki/Cl%C3%A9ment_Magloire-Saint-Aude;#N/A;3742;1060;;;;;;https://fr.wikipedia.org/wiki/Emmanuel_Eug%C3%A8ne;2914
Q12887389;;;https://ht.wikipedia.org/wiki/Angelucci_Manigat,_Jr.;#N/A;#N/A;795;;;;;;https://ht.wikipedia.org/wiki/Emmanuel_Eug%C3%A8ne;1111
Q3195618;https://en.wikipedia.org/wiki/Kettly_Mars;https://fr.wikipedia.org/wiki/Kettly_Mars;https://ht.wikipedia.org/wiki/Kettly_Mars;9651;6812;4034;;;;;;https://ht.wikipedia.org/wiki/Marc_Exavier;804
Q18636498;;;https://ht.wikipedia.org/wiki/Stephane_Martelly;#N/A;#N/A;3060;;;;;;https://ht.wikipedia.org/wiki/Farah-Martine_Lh%C3%A9risson;1897
Q12894146;https://en.wikipedia.org/wiki/Martha_Jean-Claude;;https://ht.wikipedia.org/wiki/Martha_Jean-Claude;3820;#N/A;2163;;;;;;https://en.wikipedia.org/wiki/Jessica_Fi%C3%A8vre;3194
Q468040;https://en.wikipedia.org/wiki/Marie-S%C5%93urette_Mathieu;https://fr.wikipedia.org/wiki/Marie-S%C5%93urette_Mathieu;https://ht.wikipedia.org/wiki/Marie-S%C5%93urette_Mathieu;2663;6796;2174;;;;;;https://ht.wikipedia.org/wiki/Jessica_Fi%C3%A8vre;1071
Q83521548;;https://fr.wikipedia.org/wiki/Rodolphe_Mathurin;;#N/A;3884;#N/A;;;;;;https://en.wikipedia.org/wiki/Jean-Claude_Fignol%C3%A9;1208
Q12890330;;;https://ht.wikipedia.org/wiki/Elvire_Maurouard;#N/A;#N/A;3895;;;;;;https://fr.wikipedia.org/wiki/Jean-Claude_Fignol%C3%A9;4301
Q3173661;https://en.wikipedia.org/wiki/Jean_Metellus;https://fr.wikipedia.org/wiki/Jean_M%C3%A9tellus;https://ht.wikipedia.org/wiki/Jean_Metellus;2833;8799;4450;;;;;;https://ht.wikipedia.org/wiki/Jean-Claude_Fignol%C3%A9;2785
Q5370358;https://en.wikipedia.org/wiki/Emeline_Michel;https://fr.wikipedia.org/wiki/%C3%89meline_Michel;https://ht.wikipedia.org/wiki/Emeline_Michel;2034;13575;3647;;;;;;https://ht.wikipedia.org/wiki/Jean_Florival;789
Q12891863;;https://fr.wikipedia.org/wiki/Jean-Euph%C3%A8le_Milc%C3%A9;https://ht.wikipedia.org/wiki/Jean-Euph%C3%A8le_Milc%C3%A9;#N/A;6150;2145;;;;;;https://fr.wikipedia.org/wiki/Haveson_Florvil;10251
Q6522408;https://en.wikipedia.org/wiki/Lenelle_Mo%C3%AFse;;https://ht.wikipedia.org/wiki/Lenelle_Mo%C3%AFse;4600;#N/A;1500;;;;;;https://ht.wikipedia.org/wiki/D%C3%A9ita;3185
Q6836494;https://en.wikipedia.org/wiki/Michel_Monnin;;;1205;#N/A;#N/A;;;;;;https://ht.wikipedia.org/wiki/Franck_Fouch%C3%A9;820
Q12896340;;;https://ht.wikipedia.org/wiki/Roland_Morisseau;#N/A;#N/A;737;;;;;;https://en.wikipedia.org/wiki/Frank%C3%A9tienne;4446
Q1363088;https://en.wikipedia.org/wiki/F%C3%A9lix_Morisseau-Leroy;https://fr.wikipedia.org/wiki/F%C3%A9lix_Morisseau-Leroy;https://ht.wikipedia.org/wiki/Felix_Morisseau-Leroy;8296;5539;1838;;;;;;https://fr.wikipedia.org/wiki/Frank%C3%A9tienne;14012
Q55217260;;;;#N/A;#N/A;#N/A;;;;;;https://ht.wikipedia.org/wiki/Frank%C3%A9tienne;3218
Q3161308;https://en.wikipedia.org/wiki/James_No%C3%ABl_(poet);https://fr.wikipedia.org/wiki/James_No%C3%ABl;https://ht.wikipedia.org/wiki/James_No%C3%ABl;2784;12200;4469;;;;;;https://ht.wikipedia.org/wiki/Emilie_Franz;741
Q286293;https://en.wikipedia.org/wiki/%C3%89mile_Ollivier;https://fr.wikipedia.org/wiki/%C3%89mile_Ollivier_(homme_politique);;18163;22479;#N/A;;;;;;https://ht.wikipedia.org/wiki/Genevi%C3%A8ve_Gaillard-Vant%C3%A9;890
Q3280752;;https://fr.wikipedia.org/wiki/Makenzy_Orcel;https://ht.wikipedia.org/wiki/Makenzy_Orcel;#N/A;5100;3243;;;;;;https://en.wikipedia.org/wiki/Jean-Claude_Garoute;4029
Q55217189;;https://fr.wikipedia.org/wiki/Il%C3%A9us_Papillon;https://ht.wikipedia.org/wiki/Il%C3%A9us_Papillon;#N/A;4022;3860;;;;;;https://fr.wikipedia.org/wiki/Jean-Claude_Garoute;16933
Q12894055;;;https://ht.wikipedia.org/wiki/Margaret_Papillon;#N/A;#N/A;1104;;;;;;https://ht.wikipedia.org/wiki/Jean-Claude_Garoute_(Tiga);1282
Q18607375;;;https://ht.wikipedia.org/wiki/Roland_Paret;#N/A;#N/A;1186;;;;;;https://en.wikipedia.org/wiki/Mona_Gu%C3%A9rin;2977
Q12890543;;;https://ht.wikipedia.org/wiki/Fabienne_Pasquet;#N/A;#N/A;952;;;;;;https://ht.wikipedia.org/wiki/Mona_Gu%C3%A9rin;2810
Q12891869;;;https://ht.wikipedia.org/wiki/Jean-Marc_Pasquet;#N/A;#N/A;737;;;;;;https://ht.wikipedia.org/wiki/Maude_Heurtelou;8981
Q12888685;;;https://ht.wikipedia.org/wiki/Cauvin_Paul;#N/A;#N/A;829;;;;;;https://fr.wikipedia.org/wiki/Lawrence_Hill_(basket-ball);3222
Q3496855;;https://fr.wikipedia.org/wiki/Stanley_P%C3%A9an;https://ht.wikipedia.org/wiki/Stanley_P%C3%A9an;#N/A;14474;3516;;;;;;https://en.wikipedia.org/wiki/La%C3%ABnnec_Hurbon;4622
Q2852916;;https://fr.wikipedia.org/wiki/Anthony_Phelps;https://ht.wikipedia.org/wiki/Anthony_Phelps;#N/A;16675;13349;;;;;;https://ht.wikipedia.org/wiki/La%C3%ABnnec_Hurbon;1788
Q3045950;https://en.wikipedia.org/wiki/Ren%C3%A9_Philoct%C3%A8te;https://fr.wikipedia.org/wiki/Ren%C3%A9_Philoct%C3%A8te;https://ht.wikipedia.org/wiki/Ren%C3%A9_Philoct%C3%A8te;1651;5570;3188;;;;;;https://ht.wikipedia.org/wiki/Joanne_Hyppolite;755
Q2977119;;https://fr.wikipedia.org/wiki/Claude_C._Pierre;https://ht.wikipedia.org/wiki/Claude_Pierre;#N/A;3999;2772;;;;;;https://en.wikipedia.org/wiki/Ida_Faubert;9994
Q55217188;;;;#N/A;#N/A;#N/A;;;;;;https://fr.wikipedia.org/wiki/Ida_Faubert;3912
Q12895266;https://en.wikipedia.org/wiki/Paulette_Poujol-Oriol;;https://ht.wikipedia.org/wiki/Paulette_Poujol_Oriol;8460;#N/A;1566;;;;;;https://ht.wikipedia.org/wiki/Ida_Faubert;3223
Q3053007;https://en.wikipedia.org/wiki/Emmelie_Proph%C3%A8te;https://fr.wikipedia.org/wiki/Emmelie_Proph%C3%A8te;https://ht.wikipedia.org/wiki/Emmelie_Proph%C3%A8te;2360;4337;2597;;;;;;https://fr.wikipedia.org/wiki/Jean_Emmanuel_Jacquet;5144
Q2396474;;https://fr.wikipedia.org/wiki/Guy_Junior_R%C3%A9gis;https://ht.wikipedia.org/wiki/Guy_Junior_R%C3%A9gis;#N/A;15312;2706;;;;;;https://fr.wikipedia.org/wiki/Yanick_Jean;5964
Q2837289;;https://fr.wikipedia.org/wiki/Alix_Renaud;https://ht.wikipedia.org/wiki/Alix_Renaud;#N/A;13126;3952;;;;;;https://en.wikipedia.org/wiki/Jean_Price-Mars;7853
Q79392504;;;;#N/A;#N/A;#N/A;;;;;;https://fr.wikipedia.org/wiki/Jean_Price_Mars;9407
Q12894134;https://en.wikipedia.org/wiki/Marl%C3%A8ne_Rigaud_Apollon;;https://ht.wikipedia.org/wiki/Marl%C3%A8ne_Rigaud_Apollon;2713;#N/A;1369;;;;;;https://ht.wikipedia.org/wiki/Jean_Price-Mars;3000
Q3438996;https://en.wikipedia.org/wiki/Roger_Gaillard_(historian);https://fr.wikipedia.org/wiki/Roger_Gaillard_(historien_ha%C3%AFtien);https://ht.wikipedia.org/wiki/Roger_Gaillard;1850;3191;1624;;;;;;https://ht.wikipedia.org/wiki/Wiener_Kerns_Fleurimond;5658
Q1356852;https://en.wikipedia.org/wiki/Jacques_Roumain;https://fr.wikipedia.org/wiki/Jacques_Roumain;https://ht.wikipedia.org/wiki/Jacques_Roumain;8981;10198;7845;;;;;;https://en.wikipedia.org/wiki/Gary_Klang;7800
Q3045906;https://en.wikipedia.org/wiki/%C3%89mile_Roumer;https://fr.wikipedia.org/wiki/%C3%89mile_Roumer;https://ht.wikipedia.org/wiki/%C3%89mile_Roumer;1671;5529;1841;;;;;;https://fr.wikipedia.org/wiki/Gary_Klang;10270
Q18528616;https://en.wikipedia.org/wiki/Odette_Roy_Fombrun;;https://ht.wikipedia.org/wiki/Odette_Roy_Fombrun;3812;#N/A;4983;;;;;;https://ht.wikipedia.org/wiki/Gary_Klang;6712
Q3048259;https://en.wikipedia.org/wiki/Edris_Saint-Amand;https://fr.wikipedia.org/wiki/Edris_Saint-Amand;https://ht.wikipedia.org/wiki/Edris_Saint-Amand;1123;4911;831;;;;;;https://ht.wikipedia.org/wiki/Rassoul_Labuchin;1293
Q3438235;https://en.wikipedia.org/wiki/Rodney_Saint-%C3%89loi;https://fr.wikipedia.org/wiki/Rodney_Saint-%C3%89loi;https://ht.wikipedia.org/wiki/Rodney_Saint-%C3%89loi;2505;6059;1185;;;;;;https://en.wikipedia.org/wiki/Dany_Laferri%C3%A8re;9653
Q26252340;;https://fr.wikipedia.org/wiki/Jacqueline_Scott-Lemoine;https://ht.wikipedia.org/wiki/Jacqueline_Scott-Lemoine;#N/A;7059;805;;;;;;https://fr.wikipedia.org/wiki/Dany_Laferri%C3%A8re;42313
Q3301423;https://en.wikipedia.org/wiki/Maurice_Sixto;https://fr.wikipedia.org/wiki/Maurice_Sixto;https://ht.wikipedia.org/wiki/Maurice_Sixto;3745;2676;5312;;;;;;https://ht.wikipedia.org/wiki/Dany_Laferri%C3%A8re;5774
Q55217215;;;;#N/A;#N/A;#N/A;;;;;;https://fr.wikipedia.org/wiki/Fred_Edson_Lafortune;7082
Q12890326;https://en.wikipedia.org/wiki/Elsie_Sur%C3%A9na;;https://ht.wikipedia.org/wiki/Elsie_Surena;3380;#N/A;1367;;;;;;https://ht.wikipedia.org/wiki/Fred_Edson_Lafortune;3745
Q12897540;https://en.wikipedia.org/wiki/Suzanne_Comhaire-Sylvain;https://fr.wikipedia.org/wiki/Suzanne_Comhaire-Sylvain;https://ht.wikipedia.org/wiki/Suzanne_Comhaire-Sylvain;9945;9430;4730;;;;;;https://ht.wikipedia.org/wiki/Alex_Laguerre;2306
Q3162015;;https://fr.wikipedia.org/wiki/Janine_Tavernier;;#N/A;4916;#N/A;;;;;;https://en.wikipedia.org/wiki/Yanick_Lahens;5379
Q12894088;https://en.wikipedia.org/wiki/Marie-Alice_Th%C3%A9ard;;https://ht.wikipedia.org/wiki/Marie-Alice_Th%C3%A9ard;2493;#N/A;1206;;;;;;https://fr.wikipedia.org/wiki/Yanick_Lahens;11442
Q3380772;https://en.wikipedia.org/wiki/Philippe_Thoby-Marcelin;https://fr.wikipedia.org/wiki/Philippe_Thoby-Marcelin;https://ht.wikipedia.org/wiki/Philippe_Thoby-Marcelin;4153;4802;843;;;;;;https://ht.wikipedia.org/wiki/Yanick_Lahens;3834
Q12890535;https://en.wikipedia.org/wiki/%C3%89velyne_Trouillot;https://fr.wikipedia.org/wiki/%C3%89velyne_Trouillot;https://ht.wikipedia.org/wiki/%C3%89velyne_Trouillot;4853;5739;2448;;;;;;https://fr.wikipedia.org/wiki/Paul_Laraque;2267
Q637689;https://en.wikipedia.org/wiki/Lyonel_Trouillot;https://fr.wikipedia.org/wiki/Lyonel_Trouillot;https://ht.wikipedia.org/wiki/Lyonel_Trouillot;6134;10179;7938;;;;;;https://ht.wikipedia.org/wiki/Paul_Laraque;808
Q3098632;https://en.wikipedia.org/wiki/Gary_Victor;https://fr.wikipedia.org/wiki/Gary_Victor;https://ht.wikipedia.org/wiki/Gary_Victor;3821;8831;5718;;;;;;https://en.wikipedia.org/wiki/Josaphat-Robert_Large;10673
Q3292853;https://en.wikipedia.org/wiki/Marie_Vieux_Chauvet;https://fr.wikipedia.org/wiki/Marie_Vieux-Chauvet;https://ht.wikipedia.org/wiki/Marie_Vieux-Chauvet;7036;5583;9522;;;;;;https://fr.wikipedia.org/wiki/Josaphat-Robert_Large;10083
Q18461233;;;https://ht.wikipedia.org/wiki/Mich%C3%A8le_Voltaire-Marcelin;#N/A;#N/A;895;;;;;;https://ht.wikipedia.org/wiki/Josaphat-Robert_Large;7217
Q3059438;https://en.wikipedia.org/wiki/Etzer_Vilaire;https://fr.wikipedia.org/wiki/Etzer_Vilaire;https://ht.wikipedia.org/wiki/Etzer_Vilaire;1834;3732;3404;;;;;;https://ht.wikipedia.org/wiki/Marc_Laroche;1907
Q18808886;https://en.wikipedia.org/wiki/Assotto_Saint;;;6919;#N/A;#N/A;;;;;;https://fr.wikipedia.org/wiki/Maximilien_Laroche;31447
Q2837287;https://en.wikipedia.org/wiki/Alix_Mathon;https://fr.wikipedia.org/wiki/Alix_Mathon;https://ht.wikipedia.org/wiki/Alix_Mathon;1586;5040;853;;;;;;https://ht.wikipedia.org/wiki/Maximilien_Laroche;11529
Q6169086;https://en.wikipedia.org/wiki/Jean-Claude_Bajeux;https://fr.wikipedia.org/wiki/Jean-Claude_Bajeux;https://ht.wikipedia.org/wiki/Jean-Claude_Bajeux;13483;7730;1284;;;;;;https://ht.wikipedia.org/wiki/Denize_Lauture;1176
Q18214907;;https://fr.wikipedia.org/wiki/Dominique_Hippolyte;;#N/A;4919;#N/A;;;;;;https://fr.wikipedia.org/wiki/Coutech%C3%A8ve_Lavoie_Aupont;3693
Q16946741;https://en.wikipedia.org/wiki/Kern_Delince;;https://ht.wikipedia.org/wiki/Kern_Delince;9642;#N/A;795;;;;;;https://ht.wikipedia.org/wiki/Coutech%C3%A8ve_Lavoie_Aupont;1967
Q15783722;;;;#N/A;#N/A;#N/A;;;;;;https://ht.wikipedia.org/wiki/Frantz_Leconte;1061
Q18396644;;https://fr.wikipedia.org/wiki/Maurice_Cadet;https://ht.wikipedia.org/wiki/Maurice_Cadet;#N/A;6082;4407;;;;;;https://fr.wikipedia.org/wiki/Serge_Legagneur;3901
Q3159899;https://en.wikipedia.org/wiki/Jacques_Roche;https://fr.wikipedia.org/wiki/Jacques_Roche;https://ht.wikipedia.org/wiki/Jacques_Roche;9959;2539;801;;;;;;https://ht.wikipedia.org/wiki/Serge_Legagneur;1372
Q470492;https://en.wikipedia.org/wiki/Leslie_Manigat;https://fr.wikipedia.org/wiki/Leslie_Manigat;https://ht.wikipedia.org/wiki/Leslie_Manigat;6205;9822;1389;;;;;;https://en.wikipedia.org/wiki/Leon_Laleau;3468
Q886213;https://en.wikipedia.org/wiki/St%C3%A9nio_Vincent;https://fr.wikipedia.org/wiki/St%C3%A9nio_Vincent;https://ht.wikipedia.org/wiki/St%C3%A9nio_Vincent;5079;12736;1585;;;;;;https://fr.wikipedia.org/wiki/L%C3%A9on_Laleau;4137
Q3709714;https://en.wikipedia.org/wiki/Nemours_Jean-Baptiste;;https://ht.wikipedia.org/wiki/Nemours_Jean_Baptiste;3230;#N/A;2119;;;;;;https://ht.wikipedia.org/wiki/L%C3%A9on_Laleau;1442
;;;;;;;;;;;;https://fr.wikipedia.org/wiki/Jean-Robert_L%C3%A9onidas;7062
;;;;;;;;;;;;https://ht.wikipedia.org/wiki/Jean-Robert_L%C3%A9onidas;6381
;;;;;;;;;;;;https://en.wikipedia.org/wiki/Nadine_Magloire;2232
;;;;;;;;;;;;https://fr.wikipedia.org/wiki/Cl%C3%A9ment_Magloire-Saint-Aude;3742
;;;;;;;;;;;;https://ht.wikipedia.org/wiki/Cl%C3%A9ment_Magloire-Saint-Aude;1060
;;;;;;;;;;;;https://ht.wikipedia.org/wiki/Angelucci_Manigat,_Jr.;795
;;;;;;;;;;;;https://en.wikipedia.org/wiki/Kettly_Mars;9651
;;;;;;;;;;;;https://fr.wikipedia.org/wiki/Kettly_Mars;6812
;;;;;;;;;;;;https://ht.wikipedia.org/wiki/Kettly_Mars;4034
;;;;;;;;;;;;https://ht.wikipedia.org/wiki/Stephane_Martelly;3060
;;;;;;;;;;;;https://en.wikipedia.org/wiki/Martha_Jean-Claude;3820
;;;;;;;;;;;;https://ht.wikipedia.org/wiki/Martha_Jean-Claude;2163
;;;;;;;;;;;;https://en.wikipedia.org/wiki/Marie-S%C5%93urette_Mathieu;2663
;;;;;;;;;;;;https://fr.wikipedia.org/wiki/Marie-S%C5%93urette_Mathieu;6796
;;;;;;;;;;;;https://ht.wikipedia.org/wiki/Marie-S%C5%93urette_Mathieu;2174
;;;;;;;;;;;;https://fr.wikipedia.org/wiki/Rodolphe_Mathurin;3884
;;;;;;;;;;;;https://ht.wikipedia.org/wiki/Elvire_Maurouard;3895
;;;;;;;;;;;;https://en.wikipedia.org/wiki/Jean_Metellus;2833
;;;;;;;;;;;;https://fr.wikipedia.org/wiki/Jean_M%C3%A9tellus;8799
;;;;;;;;;;;;https://ht.wikipedia.org/wiki/Jean_Metellus;4450
;;;;;;;;;;;;https://en.wikipedia.org/wiki/Emeline_Michel;2034
;;;;;;;;;;;;https://fr.wikipedia.org/wiki/%C3%89meline_Michel;13575
;;;;;;;;;;;;https://ht.wikipedia.org/wiki/Emeline_Michel;3647
;;;;;;;;;;;;https://fr.wikipedia.org/wiki/Jean-Euph%C3%A8le_Milc%C3%A9;6150
;;;;;;;;;;;;https://ht.wikipedia.org/wiki/Jean-Euph%C3%A8le_Milc%C3%A9;2145
;;;;;;;;;;;;https://en.wikipedia.org/wiki/Lenelle_Mo%C3%AFse;4600
;;;;;;;;;;;;https://ht.wikipedia.org/wiki/Lenelle_Mo%C3%AFse;1500
;;;;;;;;;;;;https://en.wikipedia.org/wiki/Michel_Monnin;1205
;;;;;;;;;;;;https://ht.wikipedia.org/wiki/Roland_Morisseau;737
;;;;;;;;;;;;https://en.wikipedia.org/wiki/F%C3%A9lix_Morisseau-Leroy;8296
;;;;;;;;;;;;https://fr.wikipedia.org/wiki/F%C3%A9lix_Morisseau-Leroy;5539
;;;;;;;;;;;;https://ht.wikipedia.org/wiki/Felix_Morisseau-Leroy;1838
;;;;;;;;;;;;https://en.wikipedia.org/wiki/James_No%C3%ABl_(poet);2784
;;;;;;;;;;;;https://fr.wikipedia.org/wiki/James_No%C3%ABl;12200
;;;;;;;;;;;;https://ht.wikipedia.org/wiki/James_No%C3%ABl;4469
;;;;;;;;;;;;https://en.wikipedia.org/wiki/%C3%89mile_Ollivier;18163
;;;;;;;;;;;;https://fr.wikipedia.org/wiki/%C3%89mile_Ollivier_(homme_politique);22479
;;;;;;;;;;;;https://fr.wikipedia.org/wiki/Makenzy_Orcel;5100
;;;;;;;;;;;;https://ht.wikipedia.org/wiki/Makenzy_Orcel;3243
;;;;;;;;;;;;https://fr.wikipedia.org/wiki/Il%C3%A9us_Papillon;4022
;;;;;;;;;;;;https://ht.wikipedia.org/wiki/Il%C3%A9us_Papillon;3860
;;;;;;;;;;;;https://ht.wikipedia.org/wiki/Margaret_Papillon;1104
;;;;;;;;;;;;https://ht.wikipedia.org/wiki/Roland_Paret;1186
;;;;;;;;;;;;https://ht.wikipedia.org/wiki/Fabienne_Pasquet;952
;;;;;;;;;;;;https://ht.wikipedia.org/wiki/Jean-Marc_Pasquet;737
;;;;;;;;;;;;https://ht.wikipedia.org/wiki/Cauvin_Paul;829
;;;;;;;;;;;;https://fr.wikipedia.org/wiki/Stanley_P%C3%A9an;14474
;;;;;;;;;;;;https://ht.wikipedia.org/wiki/Stanley_P%C3%A9an;3516
;;;;;;;;;;;;https://fr.wikipedia.org/wiki/Anthony_Phelps;16675
;;;;;;;;;;;;https://ht.wikipedia.org/wiki/Anthony_Phelps;13349
;;;;;;;;;;;;https://en.wikipedia.org/wiki/Ren%C3%A9_Philoct%C3%A8te;1651
;;;;;;;;;;;;https://fr.wikipedia.org/wiki/Ren%C3%A9_Philoct%C3%A8te;5570
;;;;;;;;;;;;https://ht.wikipedia.org/wiki/Ren%C3%A9_Philoct%C3%A8te;3188
;;;;;;;;;;;;https://fr.wikipedia.org/wiki/Claude_C._Pierre;3999
;;;;;;;;;;;;https://ht.wikipedia.org/wiki/Claude_Pierre;2772
;;;;;;;;;;;;https://en.wikipedia.org/wiki/Paulette_Poujol-Oriol;8460
;;;;;;;;;;;;https://ht.wikipedia.org/wiki/Paulette_Poujol_Oriol;1566
;;;;;;;;;;;;https://en.wikipedia.org/wiki/Emmelie_Proph%C3%A8te;2360
;;;;;;;;;;;;https://fr.wikipedia.org/wiki/Emmelie_Proph%C3%A8te;4337
;;;;;;;;;;;;https://ht.wikipedia.org/wiki/Emmelie_Proph%C3%A8te;2597
;;;;;;;;;;;;https://fr.wikipedia.org/wiki/Guy_Junior_R%C3%A9gis;15312
;;;;;;;;;;;;https://ht.wikipedia.org/wiki/Guy_Junior_R%C3%A9gis;2706
;;;;;;;;;;;;https://fr.wikipedia.org/wiki/Alix_Renaud;13126
;;;;;;;;;;;;https://ht.wikipedia.org/wiki/Alix_Renaud;3952
;;;;;;;;;;;;https://en.wikipedia.org/wiki/Marl%C3%A8ne_Rigaud_Apollon;2713
;;;;;;;;;;;;https://ht.wikipedia.org/wiki/Marl%C3%A8ne_Rigaud_Apollon;1369
;;;;;;;;;;;;https://en.wikipedia.org/wiki/Roger_Gaillard_(historian);1850
;;;;;;;;;;;;https://fr.wikipedia.org/wiki/Roger_Gaillard_(historien_ha%C3%AFtien);3191
;;;;;;;;;;;;https://ht.wikipedia.org/wiki/Roger_Gaillard;1624
;;;;;;;;;;;;https://en.wikipedia.org/wiki/Jacques_Roumain;8981
;;;;;;;;;;;;https://fr.wikipedia.org/wiki/Jacques_Roumain;10198
;;;;;;;;;;;;https://ht.wikipedia.org/wiki/Jacques_Roumain;7845
;;;;;;;;;;;;https://en.wikipedia.org/wiki/%C3%89mile_Roumer;1671
;;;;;;;;;;;;https://fr.wikipedia.org/wiki/%C3%89mile_Roumer;5529
;;;;;;;;;;;;https://ht.wikipedia.org/wiki/%C3%89mile_Roumer;1841
;;;;;;;;;;;;https://en.wikipedia.org/wiki/Odette_Roy_Fombrun;3812
;;;;;;;;;;;;https://ht.wikipedia.org/wiki/Odette_Roy_Fombrun;4983
;;;;;;;;;;;;https://en.wikipedia.org/wiki/Edris_Saint-Amand;1123
;;;;;;;;;;;;https://fr.wikipedia.org/wiki/Edris_Saint-Amand;4911
;;;;;;;;;;;;https://ht.wikipedia.org/wiki/Edris_Saint-Amand;831
;;;;;;;;;;;;https://en.wikipedia.org/wiki/Rodney_Saint-%C3%89loi;2505
;;;;;;;;;;;;https://fr.wikipedia.org/wiki/Rodney_Saint-%C3%89loi;6059
;;;;;;;;;;;;https://ht.wikipedia.org/wiki/Rodney_Saint-%C3%89loi;1185
;;;;;;;;;;;;https://fr.wikipedia.org/wiki/Jacqueline_Scott-Lemoine;7059
;;;;;;;;;;;;https://ht.wikipedia.org/wiki/Jacqueline_Scott-Lemoine;805
;;;;;;;;;;;;https://en.wikipedia.org/wiki/Maurice_Sixto;3745
;;;;;;;;;;;;https://fr.wikipedia.org/wiki/Maurice_Sixto;2676
;;;;;;;;;;;;https://ht.wikipedia.org/wiki/Maurice_Sixto;5312
;;;;;;;;;;;;https://en.wikipedia.org/wiki/Elsie_Sur%C3%A9na;3380
;;;;;;;;;;;;https://ht.wikipedia.org/wiki/Elsie_Surena;1367
;;;;;;;;;;;;https://en.wikipedia.org/wiki/Suzanne_Comhaire-Sylvain;9945
;;;;;;;;;;;;https://fr.wikipedia.org/wiki/Suzanne_Comhaire-Sylvain;9430
;;;;;;;;;;;;https://ht.wikipedia.org/wiki/Suzanne_Comhaire-Sylvain;4730
;;;;;;;;;;;;https://fr.wikipedia.org/wiki/Janine_Tavernier;4916
;;;;;;;;;;;;https://en.wikipedia.org/wiki/Marie-Alice_Th%C3%A9ard;2493
;;;;;;;;;;;;https://ht.wikipedia.org/wiki/Marie-Alice_Th%C3%A9ard;1206
;;;;;;;;;;;;https://en.wikipedia.org/wiki/Philippe_Thoby-Marcelin;4153
;;;;;;;;;;;;https://fr.wikipedia.org/wiki/Philippe_Thoby-Marcelin;4802
;;;;;;;;;;;;https://ht.wikipedia.org/wiki/Philippe_Thoby-Marcelin;843
;;;;;;;;;;;;https://en.wikipedia.org/wiki/%C3%89velyne_Trouillot;4853
;;;;;;;;;;;;https://fr.wikipedia.org/wiki/%C3%89velyne_Trouillot;5739
;;;;;;;;;;;;https://ht.wikipedia.org/wiki/%C3%89velyne_Trouillot;2448
;;;;;;;;;;;;https://en.wikipedia.org/wiki/Lyonel_Trouillot;6134
;;;;;;;;;;;;https://fr.wikipedia.org/wiki/Lyonel_Trouillot;10179
;;;;;;;;;;;;https://ht.wikipedia.org/wiki/Lyonel_Trouillot;7938
;;;;;;;;;;;;https://en.wikipedia.org/wiki/Gary_Victor;3821
;;;;;;;;;;;;https://fr.wikipedia.org/wiki/Gary_Victor;8831
;;;;;;;;;;;;https://ht.wikipedia.org/wiki/Gary_Victor;5718
;;;;;;;;;;;;https://en.wikipedia.org/wiki/Marie_Vieux_Chauvet;7036
;;;;;;;;;;;;https://fr.wikipedia.org/wiki/Marie_Vieux-Chauvet;5583
;;;;;;;;;;;;https://ht.wikipedia.org/wiki/Marie_Vieux-Chauvet;9522
;;;;;;;;;;;;https://ht.wikipedia.org/wiki/Mich%C3%A8le_Voltaire-Marcelin;895
;;;;;;;;;;;;https://en.wikipedia.org/wiki/Etzer_Vilaire;1834
;;;;;;;;;;;;https://fr.wikipedia.org/wiki/Etzer_Vilaire;3732
;;;;;;;;;;;;https://ht.wikipedia.org/wiki/Etzer_Vilaire;3404
;;;;;;;;;;;;https://en.wikipedia.org/wiki/Assotto_Saint;6919
;;;;;;;;;;;;https://en.wikipedia.org/wiki/Alix_Mathon;1586
;;;;;;;;;;;;https://fr.wikipedia.org/wiki/Alix_Mathon;5040
;;;;;;;;;;;;https://ht.wikipedia.org/wiki/Alix_Mathon;853
;;;;;;;;;;;;https://en.wikipedia.org/wiki/Jean-Claude_Bajeux;13483
;;;;;;;;;;;;https://fr.wikipedia.org/wiki/Jean-Claude_Bajeux;7730
;;;;;;;;;;;;https://ht.wikipedia.org/wiki/Jean-Claude_Bajeux;1284
;;;;;;;;;;;;https://fr.wikipedia.org/wiki/Dominique_Hippolyte;4919
;;;;;;;;;;;;https://en.wikipedia.org/wiki/Kern_Delince;9642
;;;;;;;;;;;;https://ht.wikipedia.org/wiki/Kern_Delince;795
;;;;;;;;;;;;https://fr.wikipedia.org/wiki/Maurice_Cadet;6082
;;;;;;;;;;;;https://ht.wikipedia.org/wiki/Maurice_Cadet;4407
;;;;;;;;;;;;https://en.wikipedia.org/wiki/Jacques_Roche;9959
;;;;;;;;;;;;https://fr.wikipedia.org/wiki/Jacques_Roche;2539
;;;;;;;;;;;;https://ht.wikipedia.org/wiki/Jacques_Roche;801
;;;;;;;;;;;;https://en.wikipedia.org/wiki/Leslie_Manigat;6205
;;;;;;;;;;;;https://fr.wikipedia.org/wiki/Leslie_Manigat;9822
;;;;;;;;;;;;https://ht.wikipedia.org/wiki/Leslie_Manigat;1389
;;;;;;;;;;;;https://en.wikipedia.org/wiki/St%C3%A9nio_Vincent;5079
;;;;;;;;;;;;https://fr.wikipedia.org/wiki/St%C3%A9nio_Vincent;12736
;;;;;;;;;;;;https://ht.wikipedia.org/wiki/St%C3%A9nio_Vincent;1585
;;;;;;;;;;;;https://en.wikipedia.org/wiki/Nemours_Jean-Baptiste;3230
;;;;;;;;;;;;https://ht.wikipedia.org/wiki/Nemours_Jean_Baptiste;2119
