Source;Target;Type;Id
Paulette_Poujol_Oriol;Joseph_Poujol;ile_en_ile_auto;Paulette_Poujol_Oriol_TO_Joseph_Poujol
Paulette_Poujol_Oriol;Therese_Colimon;ile_en_ile_auto;Paulette_Poujol_Oriol_TO_Therese_Colimon
Paulette_Poujol_Oriol;Henri_Deschamps;ile_en_ile_auto;Paulette_Poujol_Oriol_TO_Henri_Deschamps
Paulette_Poujol_Oriol;Pradel_Pompilus;ile_en_ile_auto;Paulette_Poujol_Oriol_TO_Pradel_Pompilus
Paulette_Poujol_Oriol;Poujol_Oriol;ile_en_ile_auto;Paulette_Poujol_Oriol_TO_Poujol_Oriol
Paulette_Poujol_Oriol;Coralie_Santeuil;ile_en_ile_auto;Paulette_Poujol_Oriol_TO_Coralie_Santeuil
Rene_Belance;Saint_Amand_Edris;viaf;Rene_Belance_TO_Saint_Amand_Edris
Rene_Belance;Roumain_Jacques;viaf;Rene_Belance_TO_Roumain_Jacques
Rene_Belance;LeOn_Emile_Georges;viaf;Rene_Belance_TO_LeOn_Emile_Georges
Rene_Belance;Archive_Of_Hispanic_Literature_On_Tape_Library_Of_Congress;viaf;Rene_Belance_TO_Archive_Of_Hispanic_Literature_On_Tape_Library_Of_Congress
Rene_Belance;Depestre_Rene;viaf;Rene_Belance_TO_Depestre_Rene
Emmelie_Prophete;Wiener_Jacqueline;viaf;Emmelie_Prophete_TO_Wiener_Jacqueline
Emmelie_Prophete;Voltaire_Marcelin_Michele;viaf;Emmelie_Prophete_TO_Voltaire_Marcelin_Michele
Emmelie_Prophete;Vincent_Nedjmhartine;viaf;Emmelie_Prophete_TO_Vincent_Nedjmhartine
Emmelie_Prophete;Valcin_Cleante;viaf;Emmelie_Prophete_TO_Valcin_Cleante
Emmelie_Prophete;Trouillot_Evelyne;viaf;Emmelie_Prophete_TO_Trouillot_Evelyne
Emmelie_Prophete;Theard_Marie_Alice;viaf;Emmelie_Prophete_TO_Theard_Marie_Alice
Emmelie_Prophete;Tennstedt_Antje;viaf;Emmelie_Prophete_TO_Tennstedt_Antje
Emmelie_Prophete;Tavernier_Janine;viaf;Emmelie_Prophete_TO_Tavernier_Janine
Emmelie_Prophete;Younsi_Ouanessa;viaf;Emmelie_Prophete_TO_Younsi_Ouanessa
Emmelie_Prophete;Trouillot_Lyonel;viaf;Emmelie_Prophete_TO_Trouillot_Lyonel
Emmelie_Prophete;Chauvet_Marie;viaf;Emmelie_Prophete_TO_Chauvet_Marie
Edmond_Laforest;Jean_Brierre;ile_en_ile_auto;Edmond_Laforest_TO_Jean_Brierre
Edmond_Laforest;Normil Sylvain_G;ile_en_ile_auto;Edmond_Laforest_TO_Normil Sylvain_G
Edmond_Laforest;Cincinnatus_Leconte;ile_en_ile_auto;Edmond_Laforest_TO_Cincinnatus_Leconte
Edmond_Laforest;Emile_Roumer;ile_en_ile_auto;Edmond_Laforest_TO_Emile_Roumer
Elsie_Surena;Descoteaux_Diane;viaf;Elsie_Surena_TO_Descoteaux_Diane
Marlene_Rigaud_Apollon;Mere_Marie_Lange;ile_en_ile_auto;Marlene_Rigaud_Apollon_TO_Mere_Marie_Lange
Marlene_Rigaud_Apollon;Louis_Mercier;ile_en_ile_auto;Marlene_Rigaud_Apollon_TO_Louis_Mercier
Odette_Roy_Fombrun;Domingue_De_Moreau_De_Saint;ile_en_ile_auto;Odette_Roy_Fombrun_TO_Domingue_De_Moreau_De_Saint
Odette_Roy_Fombrun;Madame_Fombrun;ile_en_ile_auto;Odette_Roy_Fombrun_TO_Madame_Fombrun
Odette_Roy_Fombrun;Francois_Duvalier;ile_en_ile_auto;Odette_Roy_Fombrun_TO_Francois_Duvalier
Odette_Roy_Fombrun;Marcel_Fombrun;ile_en_ile_auto;Odette_Roy_Fombrun_TO_Marcel_Fombrun
Odette_Roy_Fombrun;Franck_Laraque;ile_en_ile_auto;Odette_Roy_Fombrun_TO_Franck_Laraque
Odette_Roy_Fombrun;Gerard_Barthelemy;ile_en_ile_auto;Odette_Roy_Fombrun_TO_Gerard_Barthelemy
Odette_Roy_Fombrun;Konbit_Clinic;ile_en_ile_auto;Odette_Roy_Fombrun_TO_Konbit_Clinic
Odette_Roy_Fombrun;Fonds_Educatif;ile_en_ile_auto;Odette_Roy_Fombrun_TO_Fonds_Educatif
Odette_Roy_Fombrun;Touris_Lakay;ile_en_ile_auto;Odette_Roy_Fombrun_TO_Touris_Lakay
Odette_Roy_Fombrun;Makenzy_Orcel;ile_en_ile_auto;Odette_Roy_Fombrun_TO_Makenzy_Orcel
Roland_Paret;Tatsuno_Michiko;viaf;Roland_Paret_TO_Tatsuno_Michiko
Roland_Paret;Voltaire_Frantz;viaf;Roland_Paret_TO_Voltaire_Frantz
Roland_Paret;Lafontant_Carl;viaf;Roland_Paret_TO_Lafontant_Carl
Roland_Paret;Kip;viaf;Roland_Paret_TO_Kip
Roland_Paret;Duret_Marcel;viaf;Roland_Paret_TO_Duret_Marcel
Roland_Paret;Douyon_Frantz;viaf;Roland_Paret_TO_Douyon_Frantz
Roland_Paret;Cave_Syto;viaf;Roland_Paret_TO_Cave_Syto
Roland_Paret;Azor;viaf;Roland_Paret_TO_Azor
Alix_Renaud;Marquez_De_Quebec;ile_en_ile_auto;Alix_Renaud_TO_Marquez_De_Quebec
Alix_Renaud;Alain_Beaulieu;ile_en_ile_auto;Alix_Renaud_TO_Alain_Beaulieu
Alix_Renaud;Stanley_Pean;ile_en_ile_auto;Alix_Renaud_TO_Stanley_Pean
Alix_Renaud;Jean_Desy;ile_en_ile_auto;Alix_Renaud_TO_Jean_Desy
Alix_Renaud;Jeannot_Turcotte;ile_en_ile_auto;Alix_Renaud_TO_Jeannot_Turcotte
Alix_Renaud;Michel_Borgeat;ile_en_ile_auto;Alix_Renaud_TO_Michel_Borgeat
Alix_Renaud;Ralph_Cote;ile_en_ile_auto;Alix_Renaud_TO_Ralph_Cote
Alix_Renaud;Michelle_Lavallee;ile_en_ile_auto;Alix_Renaud_TO_Michelle_Lavallee
Jacques_Stephen_Alexis;Tetu_Michel;viaf;Jacques_Stephen_Alexis_TO_Tetu_Michel
Jacques_Stephen_Alexis;Laroche_Maximilien;viaf;Jacques_Stephen_Alexis_TO_Laroche_Maximilien
Jacques_Stephen_Alexis;Coates Carrol_F;viaf;Jacques_Stephen_Alexis_TO_Coates Carrol_F
Jacques_Stephen_Alexis;Schlicht_Paul;viaf;Jacques_Stephen_Alexis_TO_Schlicht_Paul
Jacques_Stephen_Alexis;Gallimard;viaf;Jacques_Stephen_Alexis_TO_Gallimard
Jacques_Stephen_Alexis;Alexis_Florence;viaf;Jacques_Stephen_Alexis_TO_Alexis_Florence
Jacques_Stephen_Alexis;Skanderova_Lea;viaf;Jacques_Stephen_Alexis_TO_Skanderova_Lea
Jacques_Stephen_Alexis;ZieBina_Maria;viaf;Jacques_Stephen_Alexis_TO_ZieBina_Maria
Jacques_Stephen_Alexis;Outratova_Eva;viaf;Jacques_Stephen_Alexis_TO_Outratova_Eva
Jacques_Stephen_Alexis;Немчинова_Наталья_Ивановна;viaf;Jacques_Stephen_Alexis_TO_Немчинова_Наталья_Ивановна
Jacques_Stephen_Alexis;Rajandi_Henno;viaf;Jacques_Stephen_Alexis_TO_Rajandi_Henno
Jacques_Stephen_Alexis;Maximilien_Laroche;viaf;Jacques_Stephen_Alexis_TO_Maximilien_Laroche
Jacques_Stephen_Alexis;Jacques_Dessalines;spla_auto;Jacques_Stephen_Alexis_TO_Jacques_Dessalines
Jacques_Stephen_Alexis;Du_Gouvernement;spla_auto;Jacques_Stephen_Alexis_TO_Du_Gouvernement
Jacques_Stephen_Alexis;President_Lescot;spla_auto;Jacques_Stephen_Alexis_TO_President_Lescot
Jacques_Stephen_Alexis;Rene_Depestre;spla_auto;Jacques_Stephen_Alexis_TO_Rene_Depestre
Jacques_Stephen_Alexis;Compere_General_Soleil;spla_auto;Jacques_Stephen_Alexis_TO_Compere_General_Soleil
Dantes_Bellegarde;Sylvain_Georges;viaf;Dantes_Bellegarde_TO_Sylvain_Georges
Dantes_Bellegarde;MeNos_Solon;viaf;Dantes_Bellegarde_TO_MeNos_Solon
Dantes_Bellegarde;Duval_A;viaf;Dantes_Bellegarde_TO_Duval_A
Dantes_Bellegarde;Cook_Mercer;viaf;Dantes_Bellegarde_TO_Cook_Mercer
Dantes_Bellegarde;Charles_Louis;viaf;Dantes_Bellegarde_TO_Charles_Louis
Dantes_Bellegarde;Vincent_SteNio;viaf;Dantes_Bellegarde_TO_Vincent_SteNio
Jean_Durosier_Desrivieres;Durosier_Desrivieres;ile_en_ile_auto;Jean_Durosier_Desrivieres_TO_Durosier_Desrivieres
Jean_Durosier_Desrivieres;Georges_Castera;ile_en_ile_auto;Jean_Durosier_Desrivieres_TO_Georges_Castera
Jean_Durosier_Desrivieres;Montray_Kreyol;ile_en_ile_auto;Jean_Durosier_Desrivieres_TO_Montray_Kreyol
Jean_Durosier_Desrivieres;Creation_Litteraire;ile_en_ile_auto;Jean_Durosier_Desrivieres_TO_Creation_Litteraire
Jean_Durosier_Desrivieres;Mylene_Dorce;ile_en_ile_auto;Jean_Durosier_Desrivieres_TO_Mylene_Dorce
Jean_Durosier_Desrivieres;Aime_Cesaire;spla_auto;Jean_Durosier_Desrivieres_TO_Aime_Cesaire
Jean_Durosier_Desrivieres;Daniel_Marcelin;spla_auto;Jean_Durosier_Desrivieres_TO_Daniel_Marcelin
Willems_Edouard;Sorbonne_Nouvelle;ile_en_ile_auto;Willems_Edouard_TO_Sorbonne_Nouvelle
Willems_Edouard;Jeanie_Bogart;ile_en_ile_auto;Willems_Edouard_TO_Jeanie_Bogart
Margaret_Papillon;Albert_Desmangles;ile_en_ile_auto;Margaret_Papillon_TO_Albert_Desmangles
Margaret_Papillon;Alexandre_Dumas;ile_en_ile_auto;Margaret_Papillon_TO_Alexandre_Dumas
Margaret_Papillon;Louis_De_Gonzague;ile_en_ile_auto;Margaret_Papillon_TO_Louis_De_Gonzague
Margaret_Papillon;Marie_Saint;ile_en_ile_auto;Margaret_Papillon_TO_Marie_Saint
Margaret_Papillon;Elie_Abecera;ile_en_ile_auto;Margaret_Papillon_TO_Elie_Abecera
Emile_Roumer;Charles_Christophe;viaf;Emile_Roumer_TO_Charles_Christophe
Emile_Roumer;Brouard_Carl;viaf;Emile_Roumer_TO_Brouard_Carl
Emile_Roumer;Pompilus_Pradel_1914?_2000;viaf;Emile_Roumer_TO_Pompilus_Pradel_1914?_2000
Emile_Roumer;Franketienne;viaf;Emile_Roumer_TO_Franketienne
Emile_Roumer;FrankeTienne;viaf;Emile_Roumer_TO_FrankeTienne
Emile_Roumer;Charles_Christophe_Philippe;viaf;Emile_Roumer_TO_Charles_Christophe_Philippe
Emile_Roumer;Berrou_Raphael;viaf;Emile_Roumer_TO_Berrou_Raphael
Gerald_Bloncourt;Bastos_Daniel;viaf;Gerald_Bloncourt_TO_Bastos_Daniel
Gerald_Bloncourt;Teixeira_Joaquim_Paulo_Lopes;viaf;Gerald_Bloncourt_TO_Teixeira_Joaquim_Paulo_Lopes
Gerald_Bloncourt;LoWy_Michael;viaf;Gerald_Bloncourt_TO_LoWy_Michael
Gerald_Bloncourt;Vigee_Claude;viaf;Gerald_Bloncourt_TO_Vigee_Claude
Gerald_Bloncourt;Vallotton_Jean_Pierre;viaf;Gerald_Bloncourt_TO_Vallotton_Jean_Pierre
Gerald_Bloncourt;Teixeira_Paulo;viaf;Gerald_Bloncourt_TO_Teixeira_Paulo
Gerald_Bloncourt;Nadal_Gardere_Marie_Jose;viaf;Gerald_Bloncourt_TO_Nadal_Gardere_Marie_Jose
Gerald_Bloncourt;Mouraux_Lionel;viaf;Gerald_Bloncourt_TO_Mouraux_Lionel
Gerald_Bloncourt;Morin_Edgar;viaf;Gerald_Bloncourt_TO_Morin_Edgar
Gerald_Bloncourt;Esposito_Bernard;viaf;Gerald_Bloncourt_TO_Esposito_Bernard
Gerald_Bloncourt;Nadal_Marie_Jose;viaf;Gerald_Bloncourt_TO_Nadal_Marie_Jose
Gerald_Bloncourt;Stephen_Alexis;spla_auto;Gerald_Bloncourt_TO_Stephen_Alexis
Gerald_Bloncourt;Georges_Beaufils;spla_auto;Gerald_Bloncourt_TO_Georges_Beaufils
Gerald_Bloncourt;Gerard_Chenet;spla_auto;Gerald_Bloncourt_TO_Gerard_Chenet
Deita;Mercedes_Foucard_Guignard;ile_en_ile_auto;Deita_TO_Mercedes_Foucard_Guignard
Deita;Asosyasyon_Konbit_Natif_Natal;ile_en_ile_auto;Deita_TO_Asosyasyon_Konbit_Natif_Natal
Deita;Frater_Gaetan_Mentor;ile_en_ile_auto;Deita_TO_Frater_Gaetan_Mentor
Jacqueline_Scott_Lemoine;Gauthier Florence 19 Historienne_;viaf;Jacqueline_Scott_Lemoine_TO_Gauthier Florence 19 Historienne_
Jacqueline_Scott_Lemoine;Seck_Douta;viaf;Jacqueline_Scott_Lemoine_TO_Seck_Douta
Jacqueline_Scott_Lemoine;Dioum_Mamadou;viaf;Jacqueline_Scott_Lemoine_TO_Dioum_Mamadou
Jacqueline_Scott_Lemoine;Diop_David_Ika;viaf;Jacqueline_Scott_Lemoine_TO_Diop_David_Ika
Jacqueline_Scott_Lemoine;Sall_Amadou_Lamine;viaf;Jacqueline_Scott_Lemoine_TO_Sall_Amadou_Lamine
Jacqueline_Scott_Lemoine;Denis_Maxence;viaf;Jacqueline_Scott_Lemoine_TO_Denis_Maxence
Jacqueline_Scott_Lemoine;Roy_Fombrun_Odette;viaf;Jacqueline_Scott_Lemoine_TO_Roy_Fombrun_Odette
Jacqueline_Scott_Lemoine;Senghor_LeOpold_SeDar;viaf;Jacqueline_Scott_Lemoine_TO_Senghor_LeOpold_SeDar
Jacqueline_Scott_Lemoine;Scott_Lemoine_Jacqueline;viaf;Jacqueline_Scott_Lemoine_TO_Scott_Lemoine_Jacqueline
Jacqueline_Scott_Lemoine;Diop_David;viaf;Jacqueline_Scott_Lemoine_TO_Diop_David
Jacqueline_Scott_Lemoine;Jacques_Roumain;spla_auto;Jacqueline_Scott_Lemoine_TO_Jacques_Roumain
Jacqueline_Scott_Lemoine;Herve_Denis;spla_auto;Jacqueline_Scott_Lemoine_TO_Herve_Denis
Jacqueline_Scott_Lemoine;Marie_Serreau;spla_auto;Jacqueline_Scott_Lemoine_TO_Marie_Serreau
Jacqueline_Scott_Lemoine;Lucien_Lemoine;spla_auto;Jacqueline_Scott_Lemoine_TO_Lucien_Lemoine
Emeric_Bergeaud;Umana_Hossman_Adriana;viaf;Emeric_Bergeaud_TO_Umana_Hossman_Adriana
Emeric_Bergeaud;Mucher_Christen;viaf;Emeric_Bergeaud_TO_Mucher_Christen
Emeric_Bergeaud;Curtis Lesley_S;viaf;Emeric_Bergeaud_TO_Curtis Lesley_S
Emeric_Bergeaud;Duno_Gottberg_Luis;viaf;Emeric_Bergeaud_TO_Duno_Gottberg_Luis
Emeric_Bergeaud;Faustin_Souloque;spla_auto;Emeric_Bergeaud_TO_Faustin_Souloque
Emeric_Bergeaud;Faustin_Ier;spla_auto;Emeric_Bergeaud_TO_Faustin_Ier
Emeric_Bergeaud;Beaubrun_Adouin;spla_auto;Emeric_Bergeaud_TO_Beaubrun_Adouin
Massillon_Coicou;Florvil_Hyppolite;ile_en_ile_auto;Massillon_Coicou_TO_Florvil_Hyppolite
Massillon_Coicou;Nord_Alexis;ile_en_ile_auto;Massillon_Coicou_TO_Nord_Alexis
Massillon_Coicou;Antenor_Firmin;ile_en_ile_auto;Massillon_Coicou_TO_Antenor_Firmin
Massillon_Coicou;Doctrine_Monroe;ile_en_ile_auto;Massillon_Coicou_TO_Doctrine_Monroe
Massillon_Coicou;Tiresias_Simon_Sam;ile_en_ile_auto;Massillon_Coicou_TO_Tiresias_Simon_Sam
Massillon_Coicou;Auguste_Dorchain;ile_en_ile_auto;Massillon_Coicou_TO_Auguste_Dorchain
Massillon_Coicou;Adolphe_Boisrond;ile_en_ile_auto;Massillon_Coicou_TO_Adolphe_Boisrond
Massillon_Coicou;Guillaume_Apollinaire;ile_en_ile_auto;Massillon_Coicou_TO_Guillaume_Apollinaire
Massillon_Coicou;Saint_Thomas;ile_en_ile_auto;Massillon_Coicou_TO_Saint_Thomas
Massillon_Coicou;Louis_Coicou;ile_en_ile_auto;Massillon_Coicou_TO_Louis_Coicou
Massillon_Coicou;Henock_Trouillot;ile_en_ile_auto;Massillon_Coicou_TO_Henock_Trouillot
Massillon_Coicou;Justin_Lherisson;ile_en_ile_auto;Massillon_Coicou_TO_Justin_Lherisson
Massillon_Coicou;Victor_Hugo;ile_en_ile_auto;Massillon_Coicou_TO_Victor_Hugo
Rene_Depestre;CeSaire_Aime;viaf;Rene_Depestre_TO_CeSaire_Aime
Rene_Depestre;Pinera_Virgilio;viaf;Rene_Depestre_TO_Pinera_Virgilio
Rene_Depestre;Palcy_Euzhan;viaf;Rene_Depestre_TO_Palcy_Euzhan
Rene_Depestre;Wydawnictwo_Amber;viaf;Rene_Depestre_TO_Wydawnictwo_Amber
Rene_Depestre;Veth_Mirjam_De;viaf;Rene_Depestre_TO_Veth_Mirjam_De
Rene_Depestre;FernaNdez_Retamar_Roberto;viaf;Rene_Depestre_TO_FernaNdez_Retamar_Roberto
Rene_Depestre;TheBia_Melsan_Annick;viaf;Rene_Depestre_TO_TheBia_Melsan_Annick
Rene_Depestre;Glissant_EDouard;viaf;Rene_Depestre_TO_Glissant_EDouard
Rene_Depestre;Cazals_Patrick;viaf;Rene_Depestre_TO_Cazals_Patrick
Rene_Depestre;Podany_Richard;viaf;Rene_Depestre_TO_Podany_Richard
Rene_Depestre;Graphischer_Grossbetrieb_Interdruck;viaf;Rene_Depestre_TO_Graphischer_Grossbetrieb_Interdruck
Rene_Depestre;立花_英裕;viaf;Rene_Depestre_TO_立花_英裕
Rene_Depestre;Ollivier_EMile;viaf;Rene_Depestre_TO_Ollivier_EMile
Rene_Depestre;Ludwig_Ralph;viaf;Rene_Depestre_TO_Ludwig_Ralph
Rene_Depestre;Guatelli_Tedeschi_Joelle;viaf;Rene_Depestre_TO_Guatelli_Tedeschi_Joelle
Rene_Depestre;Cebo_Foniok_Małgorzata;viaf;Rene_Depestre_TO_Cebo_Foniok_Małgorzata
Rene_Depestre;Abreu_Estela_Dos_Santos;viaf;Rene_Depestre_TO_Abreu_Estela_Dos_Santos
Marie_Therese_Colimon_Hall;Joseph_Colimon;ile_en_ile_auto;Marie_Therese_Colimon_Hall_TO_Joseph_Colimon
Marie_Therese_Colimon_Hall;Jasmine_Narcisse;ile_en_ile_auto;Marie_Therese_Colimon_Hall_TO_Jasmine_Narcisse
Marie_Therese_Colimon_Hall;Margot_Colimon;ile_en_ile_auto;Marie_Therese_Colimon_Hall_TO_Margot_Colimon
Marie_Therese_Colimon_Hall;Marguerite_Marodon;ile_en_ile_auto;Marie_Therese_Colimon_Hall_TO_Marguerite_Marodon
Marie_Therese_Colimon_Hall;Rene_Lerebours;ile_en_ile_auto;Marie_Therese_Colimon_Hall_TO_Rene_Lerebours
Marie_Therese_Colimon_Hall;Madame_Lerebours;ile_en_ile_auto;Marie_Therese_Colimon_Hall_TO_Madame_Lerebours
Marie_Therese_Colimon_Hall;Victorine_Latortue;ile_en_ile_auto;Marie_Therese_Colimon_Hall_TO_Victorine_Latortue
Marie_Therese_Colimon_Hall;Fortuna_Guery;ile_en_ile_auto;Marie_Therese_Colimon_Hall_TO_Fortuna_Guery
Marie_Therese_Colimon_Hall;Camille_Munier;ile_en_ile_auto;Marie_Therese_Colimon_Hall_TO_Camille_Munier
Marie_Therese_Colimon_Hall;Raymonde_Colimon;ile_en_ile_auto;Marie_Therese_Colimon_Hall_TO_Raymonde_Colimon
Marie_Therese_Colimon_Hall;Denise_Roy;ile_en_ile_auto;Marie_Therese_Colimon_Hall_TO_Denise_Roy
Marie_Therese_Colimon_Hall;Paulette_Milfort_Jumelle;ile_en_ile_auto;Marie_Therese_Colimon_Hall_TO_Paulette_Milfort_Jumelle
Marie_Therese_Colimon_Hall;Circe_Douyon;ile_en_ile_auto;Marie_Therese_Colimon_Hall_TO_Circe_Douyon
Marie_Therese_Colimon_Hall;Lucienne_Douge;ile_en_ile_auto;Marie_Therese_Colimon_Hall_TO_Lucienne_Douge
Marie_Therese_Colimon_Hall;Elie_Dubois;ile_en_ile_auto;Marie_Therese_Colimon_Hall_TO_Elie_Dubois
Marie_Therese_Colimon_Hall;Marie_Bec;ile_en_ile_auto;Marie_Therese_Colimon_Hall_TO_Marie_Bec
Marie_Therese_Colimon_Hall;Centre_De_Formation;ile_en_ile_auto;Marie_Therese_Colimon_Hall_TO_Centre_De_Formation
Marie_Therese_Colimon_Hall;Lucienne_Rameau_Leroy;ile_en_ile_auto;Marie_Therese_Colimon_Hall_TO_Lucienne_Rameau_Leroy
Marie_Therese_Colimon_Hall;Madame_Jean_Boisson;ile_en_ile_auto;Marie_Therese_Colimon_Hall_TO_Madame_Jean_Boisson
Marie_Therese_Colimon_Hall;Pedagogie_Prescolaire;ile_en_ile_auto;Marie_Therese_Colimon_Hall_TO_Pedagogie_Prescolaire
Marie_Therese_Colimon_Hall;Lucienne_Leroy;ile_en_ile_auto;Marie_Therese_Colimon_Hall_TO_Lucienne_Leroy
Marie_Therese_Colimon_Hall;Louis Hall_D;ile_en_ile_auto;Marie_Therese_Colimon_Hall_TO_Louis Hall_D
Marie_Therese_Colimon_Hall;Therese_Colimon_Hall;ile_en_ile_auto;Marie_Therese_Colimon_Hall_TO_Therese_Colimon_Hall
Marie_Therese_Colimon_Hall;Alice_Garoute;ile_en_ile_auto;Marie_Therese_Colimon_Hall_TO_Alice_Garoute
Marie_Therese_Colimon_Hall;Madeleine_Sylvain;ile_en_ile_auto;Marie_Therese_Colimon_Hall_TO_Madeleine_Sylvain
Marie_Therese_Colimon_Hall;Madame_Hall;ile_en_ile_auto;Marie_Therese_Colimon_Hall_TO_Madame_Hall
Marie_Therese_Colimon_Hall;Madame_Marie;ile_en_ile_auto;Marie_Therese_Colimon_Hall_TO_Madame_Marie
Marie_Therese_Colimon_Hall;Merci_Marie;ile_en_ile_auto;Marie_Therese_Colimon_Hall_TO_Merci_Marie
Marie_Celie_Agnant;Tapia_Veronica;viaf;Marie_Celie_Agnant_TO_Tapia_Veronica
Marie_Celie_Agnant;Saint_Eloi_Rodney;viaf;Marie_Celie_Agnant_TO_Saint_Eloi_Rodney
Marie_Celie_Agnant;Zekina_Daniela;viaf;Marie_Celie_Agnant_TO_Zekina_Daniela
Marie_Celie_Agnant;Tiga;viaf;Marie_Celie_Agnant_TO_Tiga
Marie_Celie_Agnant;Pean_Stanley;viaf;Marie_Celie_Agnant_TO_Pean_Stanley
Marie_Celie_Agnant;Cousineau_Normand;viaf;Marie_Celie_Agnant_TO_Cousineau_Normand
Marie_Celie_Agnant;Mata_Barreiro_Carmen;viaf;Marie_Celie_Agnant_TO_Mata_Barreiro_Carmen
Marie_Celie_Agnant;Barroux;viaf;Marie_Celie_Agnant_TO_Barroux
Marie_Celie_Agnant;Ellis_Zilpha;viaf;Marie_Celie_Agnant_TO_Ellis_Zilpha
Marie_Celie_Agnant;Celie_Agnant;spla_auto;Marie_Celie_Agnant_TO_Celie_Agnant
Marie_Celie_Agnant;Alexis_D_Haiti;spla_auto;Marie_Celie_Agnant_TO_Alexis_D_Haiti
Janine_Tavernier;Fillaire_Bernard;viaf;Janine_Tavernier_TO_Fillaire_Bernard
Janine_Tavernier;Sojka_Leszczynska_Anna;viaf;Janine_Tavernier_TO_Sojka_Leszczynska_Anna
Janine_Tavernier;Delporte_Charline;viaf;Janine_Tavernier_TO_Delporte_Charline
Janine_Tavernier;Wydawnictwo_Ksiezy_Marianow;viaf;Janine_Tavernier_TO_Wydawnictwo_Ksiezy_Marianow
Janine_Tavernier;Wydawnictwo Ksiezy Marianow_Mic;viaf;Janine_Tavernier_TO_Wydawnictwo Ksiezy Marianow_Mic
Janine_Tavernier;Association_De_Defense_Des_Familles_Et_De_L_Individu_Nord;viaf;Janine_Tavernier_TO_Association_De_Defense_Des_Familles_Et_De_L_Individu_Nord
Carl_Brouard;Rafael_Brouard;ile_en_ile_auto;Carl_Brouard_TO_Rafael_Brouard
Carl_Brouard;Cleomie_Gaetjens;ile_en_ile_auto;Carl_Brouard_TO_Cleomie_Gaetjens
Carl_Brouard;Erima_Guignard;ile_en_ile_auto;Carl_Brouard_TO_Erima_Guignard
Carl_Brouard;Jean_Price;ile_en_ile_auto;Carl_Brouard_TO_Jean_Price
Carl_Brouard;Anna_Lerebours;ile_en_ile_auto;Carl_Brouard_TO_Anna_Lerebours
Carl_Brouard;Brouard L_;ile_en_ile_auto;Carl_Brouard_TO_Brouard L_
Carl_Brouard;Normil_Sylvain;ile_en_ile_auto;Carl_Brouard_TO_Normil_Sylvain
Carl_Brouard;Antonio_Vieux;ile_en_ile_auto;Carl_Brouard_TO_Antonio_Vieux
Carl_Brouard;Philippe_Thoby;ile_en_ile_auto;Carl_Brouard_TO_Philippe_Thoby
Carl_Brouard;Daniel_Heurtelou;ile_en_ile_auto;Carl_Brouard_TO_Daniel_Heurtelou
Carl_Brouard;Richard_Salnave;ile_en_ile_auto;Carl_Brouard_TO_Richard_Salnave
Carl_Brouard;Max_Hudicourt;ile_en_ile_auto;Carl_Brouard_TO_Max_Hudicourt
Carl_Brouard;Georges_Petit;ile_en_ile_auto;Carl_Brouard_TO_Georges_Petit
Carl_Brouard;Louis_Diaquoi;ile_en_ile_auto;Carl_Brouard_TO_Louis_Diaquoi
Carl_Brouard;Lorimer_Denis;ile_en_ile_auto;Carl_Brouard_TO_Lorimer_Denis
Carl_Brouard;Roger_Gaillard;ile_en_ile_auto;Carl_Brouard_TO_Roger_Gaillard
Carl_Brouard;Carmen_Brouard;ile_en_ile_auto;Carl_Brouard_TO_Carmen_Brouard
Carl_Brouard;Michel_Garneau;ile_en_ile_auto;Carl_Brouard_TO_Michel_Garneau
Carl_Brouard;Omar_Khayyam;ile_en_ile_auto;Carl_Brouard_TO_Omar_Khayyam
Carl_Brouard;Gary_Klang;ile_en_ile_auto;Carl_Brouard_TO_Gary_Klang
Carl_Brouard;Marie_Laurencin;ile_en_ile_auto;Carl_Brouard_TO_Marie_Laurencin
Carl_Brouard;Emile_Nelligan;ile_en_ile_auto;Carl_Brouard_TO_Emile_Nelligan
Carl_Brouard;Sri_Aurobindo;ile_en_ile_auto;Carl_Brouard_TO_Sri_Aurobindo
Carl_Brouard;Rabindranath_Tagore;ile_en_ile_auto;Carl_Brouard_TO_Rabindranath_Tagore
Carl_Brouard;Walt_Whitman;ile_en_ile_auto;Carl_Brouard_TO_Walt_Whitman
Carl_Brouard;Rodney_Saint;ile_en_ile_auto;Carl_Brouard_TO_Rodney_Saint
Cleante_Valcin;Voltaire_Marcelin_MicheLe;viaf;Cleante_Valcin_TO_Voltaire_Marcelin_MicheLe
Cleante_Valcin;Trouillot_EVelyne;viaf;Cleante_Valcin_TO_Trouillot_EVelyne
Cleante_Valcin;TheArd_Marie_Alice;viaf;Cleante_Valcin_TO_TheArd_Marie_Alice
Cleante_Valcin;SureNa_Elsie;viaf;Cleante_Valcin_TO_SureNa_Elsie
Cleante_Valcin;Sampeur_Virginie;viaf;Cleante_Valcin_TO_Sampeur_Virginie
Cleante_Valcin;Rigaud_Apollon_MarleNe;viaf;Cleante_Valcin_TO_Rigaud_Apollon_MarleNe
Cleante_Valcin;Dumas_Pierre_Raymond;viaf;Cleante_Valcin_TO_Dumas_Pierre_Raymond
Cleante_Valcin;Clermont_Pean_Paula;viaf;Cleante_Valcin_TO_Clermont_Pean_Paula
Jeanie_Bogart;Hugues_Saint;ile_en_ile_auto;Jeanie_Bogart_TO_Hugues_Saint
Jeanie_Bogart;Marc_Mathelier;ile_en_ile_auto;Jeanie_Bogart_TO_Marc_Mathelier
Jeanie_Bogart;John_Steve_Brunache;ile_en_ile_auto;Jeanie_Bogart_TO_John_Steve_Brunache
Jeanie_Bogart;Chenald_Augustin;ile_en_ile_auto;Jeanie_Bogart_TO_Chenald_Augustin
Jeanie_Bogart;John_Kauss;ile_en_ile_auto;Jeanie_Bogart_TO_John_Kauss
Jeanie_Bogart;Franz_Benjamin;ile_en_ile_auto;Jeanie_Bogart_TO_Franz_Benjamin
Jeanie_Bogart;Celebrating_Haitian;ile_en_ile_auto;Jeanie_Bogart_TO_Celebrating_Haitian
Jeanie_Bogart;Words_Without_Borders;ile_en_ile_auto;Jeanie_Bogart_TO_Words_Without_Borders
Jean_Andre_Constant;Jean_Des_Cayes;ile_en_ile_auto;Jean_Andre_Constant_TO_Jean_Des_Cayes
Jean_Andre_Constant;French_Accent;ile_en_ile_auto;Jean_Andre_Constant_TO_French_Accent
Jean_Andre_Constant;Radyo_Men_Kontre_Des_Cayes;ile_en_ile_auto;Jean_Andre_Constant_TO_Radyo_Men_Kontre_Des_Cayes
Nadine_Magloire;Jean_Magloire;ile_en_ile_auto;Nadine_Magloire_TO_Jean_Magloire
Nadine_Magloire;Auguste_Magloire;ile_en_ile_auto;Nadine_Magloire_TO_Auguste_Magloire
Nadine_Magloire;Raphael_Brouard;ile_en_ile_auto;Nadine_Magloire_TO_Raphael_Brouard
Nadine_Magloire;Sainte_Rose_De_Lima;ile_en_ile_auto;Nadine_Magloire_TO_Sainte_Rose_De_Lima
Nadine_Magloire;Simone_De_Beauvoir;ile_en_ile_auto;Nadine_Magloire_TO_Simone_De_Beauvoir
Rassoul_Labuchin;Lafontant_Medard_MichaeLle;viaf;Rassoul_Labuchin_TO_Lafontant_Medard_MichaeLle
Rassoul_Labuchin;Marcelin_Magalie;viaf;Rassoul_Labuchin_TO_Marcelin_Magalie
Rassoul_Labuchin;Guerrier_Chantal;viaf;Rassoul_Labuchin_TO_Guerrier_Chantal
Rassoul_Labuchin;Fouchard_Mael;viaf;Rassoul_Labuchin_TO_Fouchard_Mael
Rassoul_Labuchin;Auguste_Suzelle;viaf;Rassoul_Labuchin_TO_Auguste_Suzelle
Rassoul_Labuchin;Joseph_Yves_Medard;spla_auto;Rassoul_Labuchin_TO_Joseph_Yves_Medard
Rassoul_Labuchin;Mariaj_Lenglensou;spla_auto;Rassoul_Labuchin_TO_Mariaj_Lenglensou
Rassoul_Labuchin;Federico_Garcia;spla_auto;Rassoul_Labuchin_TO_Federico_Garcia
Rassoul_Labuchin;Prosper_Avril;spla_auto;Rassoul_Labuchin_TO_Prosper_Avril
Rassoul_Labuchin;Sophie_Marceau;spla_auto;Rassoul_Labuchin_TO_Sophie_Marceau
Rassoul_Labuchin;Francis_Girod_Descente;spla_auto;Rassoul_Labuchin_TO_Francis_Girod_Descente
Rassoul_Labuchin;Maurice_Faillevic;spla_auto;Rassoul_Labuchin_TO_Maurice_Faillevic
Rassoul_Labuchin;Raphael_Stines;spla_auto;Rassoul_Labuchin_TO_Raphael_Stines
Rassoul_Labuchin;Francis_Girod;spla_auto;Rassoul_Labuchin_TO_Francis_Girod
Gary_Klang;Phelps_Anthony;viaf;Gary_Klang_TO_Phelps_Anthony
Gary_Klang;Martial_Jacques;viaf;Gary_Klang_TO_Martial_Jacques
Gary_Klang;Haas_Elsie;viaf;Gary_Klang_TO_Haas_Elsie
Gary_Klang;Klang_Gary;viaf;Gary_Klang_TO_Klang_Gary
Gary_Klang;Pomeau_Rene;viaf;Gary_Klang_TO_Pomeau_Rene
Fred_Edson_Lafortune;James_Noel;ile_en_ile_auto;Fred_Edson_Lafortune_TO_James_Noel
Fred_Edson_Lafortune;Guillaume_Truilhe;ile_en_ile_auto;Fred_Edson_Lafortune_TO_Guillaume_Truilhe
Fred_Edson_Lafortune;Gerard_Noiret;ile_en_ile_auto;Fred_Edson_Lafortune_TO_Gerard_Noiret
Fred_Edson_Lafortune;Louis_Gerbaud;ile_en_ile_auto;Fred_Edson_Lafortune_TO_Louis_Gerbaud
Fred_Edson_Lafortune;Maria_Rilke;ile_en_ile_auto;Fred_Edson_Lafortune_TO_Maria_Rilke
Fred_Edson_Lafortune;Octavio_Paz;ile_en_ile_auto;Fred_Edson_Lafortune_TO_Octavio_Paz
Fred_Edson_Lafortune;Michael_Riffaterre;ile_en_ile_auto;Fred_Edson_Lafortune_TO_Michael_Riffaterre
Fred_Edson_Lafortune;Henri_Miller;ile_en_ile_auto;Fred_Edson_Lafortune_TO_Henri_Miller
Louis_Joseph_Janvier;Charles_Leconte_De_Lisle;ile_en_ile_auto;Louis_Joseph_Janvier_TO_Charles_Leconte_De_Lisle
Louis_Joseph_Janvier;Judith_Gautier;ile_en_ile_auto;Louis_Joseph_Janvier_TO_Judith_Gautier
Louis_Joseph_Janvier;Francois_Coppee;ile_en_ile_auto;Louis_Joseph_Janvier_TO_Francois_Coppee
Louis_Joseph_Janvier;Stephane_Mallarme;ile_en_ile_auto;Louis_Joseph_Janvier_TO_Stephane_Mallarme
Louis_Joseph_Janvier;Maria_De_Heredia;ile_en_ile_auto;Louis_Joseph_Janvier_TO_Maria_De_Heredia
Louis_Joseph_Janvier;Maurice_Barres;ile_en_ile_auto;Louis_Joseph_Janvier_TO_Maurice_Barres
Louis_Joseph_Janvier;Elisee_Reclus;ile_en_ile_auto;Louis_Joseph_Janvier_TO_Elisee_Reclus
Louis_Joseph_Janvier;Maria_Windsor;ile_en_ile_auto;Louis_Joseph_Janvier_TO_Maria_Windsor
Louis_Joseph_Janvier;Ludovic_Janvier;ile_en_ile_auto;Louis_Joseph_Janvier_TO_Ludovic_Janvier
Louis_Joseph_Janvier;Duracine_Vaval;ile_en_ile_auto;Louis_Joseph_Janvier_TO_Duracine_Vaval
Louis_Joseph_Janvier;Jules_Auguste;ile_en_ile_auto;Louis_Joseph_Janvier_TO_Jules_Auguste
Louis_Joseph_Janvier;Arthur_Bowler;ile_en_ile_auto;Louis_Joseph_Janvier_TO_Arthur_Bowler
Louis_Joseph_Janvier;Clement_Denis;ile_en_ile_auto;Louis_Joseph_Janvier_TO_Clement_Denis
Louis_Joseph_Janvier;Justin_Prevost;ile_en_ile_auto;Louis_Joseph_Janvier_TO_Justin_Prevost
Louis_Joseph_Janvier;Victor_Schœlcher;ile_en_ile_auto;Louis_Joseph_Janvier_TO_Victor_Schœlcher
Louis_Joseph_Janvier;Ramon_Emeterio_Betances;ile_en_ile_auto;Louis_Joseph_Janvier_TO_Ramon_Emeterio_Betances
Louis_Joseph_Janvier;Victor_Cochinat;ile_en_ile_auto;Louis_Joseph_Janvier_TO_Victor_Cochinat
Louis_Joseph_Janvier;Louis_Francois;ile_en_ile_auto;Louis_Joseph_Janvier_TO_Louis_Francois
Louis_Joseph_Janvier;Louise_Gabart;ile_en_ile_auto;Louis_Joseph_Janvier_TO_Louise_Gabart
Louis_Joseph_Janvier;M_Cochinat;ile_en_ile_auto;Louis_Joseph_Janvier_TO_M_Cochinat
Louis_Joseph_Janvier;Toussaint_Louverture;ile_en_ile_auto;Louis_Joseph_Janvier_TO_Toussaint_Louverture
Louis_Joseph_Janvier;Demesvar_Delorme;ile_en_ile_auto;Louis_Joseph_Janvier_TO_Demesvar_Delorme
Louis_Joseph_Janvier;Mimose_Carminier;ile_en_ile_auto;Louis_Joseph_Janvier_TO_Mimose_Carminier
Louis_Joseph_Janvier;Ghislain_Gouraige;ile_en_ile_auto;Louis_Joseph_Janvier_TO_Ghislain_Gouraige
Louis_Joseph_Janvier;General_Cocoyo;ile_en_ile_auto;Louis_Joseph_Janvier_TO_General_Cocoyo
Louis_Joseph_Janvier;E_Dentu;ile_en_ile_auto;Louis_Joseph_Janvier_TO_E_Dentu
Louis_Joseph_Janvier;Joseph_Janvier;ile_en_ile_auto;Louis_Joseph_Janvier_TO_Joseph_Janvier
Louis_Joseph_Janvier;Louis_Janvier;ile_en_ile_auto;Louis_Joseph_Janvier_TO_Louis_Janvier
Denize_Lauture;Lehman_College;ile_en_ile_auto;Denize_Lauture_TO_Lehman_College
Denize_Lauture;Drumvoices_Revue;ile_en_ile_auto;Denize_Lauture_TO_Drumvoices_Revue
Denize_Lauture;Saint_Thomas_Aquinas_College;ile_en_ile_auto;Denize_Lauture_TO_Saint_Thomas_Aquinas_College
Denize_Lauture;Denizen_Weeps;ile_en_ile_auto;Denize_Lauture_TO_Denizen_Weeps
Denize_Lauture;Michael_Roberts;ile_en_ile_auto;Denize_Lauture_TO_Michael_Roberts
Denize_Lauture;Raymond_Dumas;ile_en_ile_auto;Denize_Lauture_TO_Raymond_Dumas
Denize_Lauture;Sergio_Viliani;ile_en_ile_auto;Denize_Lauture_TO_Sergio_Viliani
Nehemy_Pierre_Dahomey;Nehemy_Pierre;ile_en_ile_auto;Nehemy_Pierre_Dahomey_TO_Nehemy_Pierre
Nehemy_Pierre_Dahomey;Garcia_Marquez;ile_en_ile_auto;Nehemy_Pierre_Dahomey_TO_Garcia_Marquez
Nehemy_Pierre_Dahomey;Stephen_Sweig;ile_en_ile_auto;Nehemy_Pierre_Dahomey_TO_Stephen_Sweig
Nehemy_Pierre_Dahomey;Jose_Saramago;ile_en_ile_auto;Nehemy_Pierre_Dahomey_TO_Jose_Saramago
Nehemy_Pierre_Dahomey;Belliqueuse_Loussaint;ile_en_ile_auto;Nehemy_Pierre_Dahomey_TO_Belliqueuse_Loussaint
Paul_Laraque;Laraque_Franck;viaf;Paul_Laraque_TO_Laraque_Franck
Paul_Laraque;Hirschman_Jack;viaf;Paul_Laraque_TO_Hirschman_Jack
Paul_Laraque;Morejon_Nancy;viaf;Paul_Laraque_TO_Morejon_Nancy
Paul_Laraque;Delince_Kern;viaf;Paul_Laraque_TO_Delince_Kern
Paul_Laraque;Manno_Rosemary;viaf;Paul_Laraque_TO_Manno_Rosemary
Paul_Laraque;Sauer_Ronald;viaf;Paul_Laraque_TO_Sauer_Ronald
Paul_Laraque;Sarriere_Beltran;viaf;Paul_Laraque_TO_Sarriere_Beltran
Paul_Laraque;Boadiba;viaf;Paul_Laraque_TO_Boadiba
Paul_Laraque;Laraque Guy_F;viaf;Paul_Laraque_TO_Laraque Guy_F
Paul_Laraque;Pol_Larak;spla_auto;Paul_Laraque_TO_Pol_Larak
Paul_Laraque;Andre_Breton;spla_auto;Paul_Laraque_TO_Andre_Breton
Paul_Laraque;Marcelle_Pierre;spla_auto;Paul_Laraque_TO_Marcelle_Pierre
James_Noel;Nirsimloo_Ananda_Devi;viaf;James_Noel_TO_Nirsimloo_Ananda_Devi
James_Noel;Monnin_Pascale;viaf;James_Noel_TO_Monnin_Pascale
James_Noel;Taurand_Jacques;viaf;James_Noel_TO_Taurand_Jacques
James_Noel;Vazemsky_Dimitri;viaf;James_Noel_TO_Vazemsky_Dimitri
James_Noel;Ton_That_Thanh_Van;viaf;James_Noel_TO_Ton_That_Thanh_Van
James_Noel;Maurizi_Dominique;viaf;James_Noel_TO_Maurizi_Dominique
James_Noel;Lamy_Emilie;viaf;James_Noel_TO_Lamy_Emilie
James_Noel;Litradukt_Literatureditionen;viaf;James_Noel_TO_Litradukt_Literatureditionen
James_Noel;Mellier_Fanette;viaf;James_Noel_TO_Mellier_Fanette
Genevieve_Gaillard_Vante;Genevieve_Gaillard;ile_en_ile_auto;Genevieve_Gaillard_Vante_TO_Genevieve_Gaillard
Gary_Augustin;Alix_Dominique;ile_en_ile_auto;Gary_Augustin_TO_Alix_Dominique
Gary_Augustin;Rene_Philoctete;ile_en_ile_auto;Gary_Augustin_TO_Rene_Philoctete
Gary_Augustin;Marcel_Gilbert;ile_en_ile_auto;Gary_Augustin_TO_Marcel_Gilbert
Gary_Augustin;Bibliotheque_Justin;ile_en_ile_auto;Gary_Augustin_TO_Bibliotheque_Justin
Fernand_Hibbert;Marie_Pescaye;ile_en_ile_auto;Fernand_Hibbert_TO_Marie_Pescaye
Fernand_Hibbert;Raphael_Berrou;ile_en_ile_auto;Fernand_Hibbert_TO_Raphael_Berrou
Fernand_Hibbert;Editions_Caraibe;ile_en_ile_auto;Fernand_Hibbert_TO_Editions_Caraibe
Antenor_Firmin;Frederick_Douglass;ile_en_ile_auto;Antenor_Firmin_TO_Frederick_Douglass
Antenor_Firmin;Jose_Marti;ile_en_ile_auto;Antenor_Firmin_TO_Jose_Marti
Antenor_Firmin;Monsieur_Roosevelt;ile_en_ile_auto;Antenor_Firmin_TO_Monsieur_Roosevelt
Antenor_Firmin;Antoine_Simon;ile_en_ile_auto;Antenor_Firmin_TO_Antoine_Simon
Antenor_Firmin;Yves_Chemla;ile_en_ile_auto;Antenor_Firmin_TO_Yves_Chemla
Rodney_Saint_Eloi;Castera_Georges;viaf;Rodney_Saint_Eloi_TO_Castera_Georges
Rodney_Saint_Eloi;PeAn_Stanley;viaf;Rodney_Saint_Eloi_TO_PeAn_Stanley
Rodney_Saint_Eloi;Magloire_Saint_Aude_Clement;viaf;Rodney_Saint_Eloi_TO_Magloire_Saint_Aude_Clement
Rodney_Saint_Eloi;Buteau_Pierre;viaf;Rodney_Saint_Eloi_TO_Buteau_Pierre
Rodney_Saint_Eloi;Benjamin_Franz;viaf;Rodney_Saint_Eloi_TO_Benjamin_Franz
Rodney_Saint_Eloi;Morali_Laure;viaf;Rodney_Saint_Eloi_TO_Morali_Laure
Rodney_Saint_Eloi;Agnant_Marie_Celie;viaf;Rodney_Saint_Eloi_TO_Agnant_Marie_Celie
Rodney_Saint_Eloi;加古_里子;viaf;Rodney_Saint_Eloi_TO_加古_里子
Rodney_Saint_Eloi;Clermont_PeAn_Paula;viaf;Rodney_Saint_Eloi_TO_Clermont_PeAn_Paula
Rodney_Saint_Eloi;Price_Mars_Jean;viaf;Rodney_Saint_Eloi_TO_Price_Mars_Jean
Rodney_Saint_Eloi;Pierre_Claude;viaf;Rodney_Saint_Eloi_TO_Pierre_Claude
Rodney_Saint_Eloi;Memoire_D_Encrier_Montreal;viaf;Rodney_Saint_Eloi_TO_Memoire_D_Encrier_Montreal
Maurice_Sixto;Maurice_Alfredo_Sixto;ile_en_ile_auto;Maurice_Sixto_TO_Maurice_Alfredo_Sixto
Maurice_Sixto;Maria_Bourand;ile_en_ile_auto;Maurice_Sixto_TO_Maria_Bourand
Maurice_Sixto;Alice_De_Vastey;ile_en_ile_auto;Maurice_Sixto_TO_Alice_De_Vastey
Maurice_Sixto;Pompee_Valentin_Vastey;ile_en_ile_auto;Maurice_Sixto_TO_Pompee_Valentin_Vastey
Maurice_Sixto;Baron_De_Vastey;ile_en_ile_auto;Maurice_Sixto_TO_Baron_De_Vastey
Maurice_Sixto;Henry_Christophe;ile_en_ile_auto;Maurice_Sixto_TO_Henry_Christophe
Maurice_Sixto;Alfredo_Sixto;ile_en_ile_auto;Maurice_Sixto_TO_Alfredo_Sixto
Maurice_Sixto;Adolphe_Sixto;ile_en_ile_auto;Maurice_Sixto_TO_Adolphe_Sixto
Maurice_Sixto;Sacha_Guitry;ile_en_ile_auto;Maurice_Sixto_TO_Sacha_Guitry
Maurice_Sixto;Stenio_Vincent;ile_en_ile_auto;Maurice_Sixto_TO_Stenio_Vincent
Maurice_Sixto;Agence_Citadelle;ile_en_ile_auto;Maurice_Sixto_TO_Agence_Citadelle
Maurice_Sixto;Attache_De_Presse;ile_en_ile_auto;Maurice_Sixto_TO_Attache_De_Presse
Maurice_Sixto;Paul_Eugene_Magloire;ile_en_ile_auto;Maurice_Sixto_TO_Paul_Eugene_Magloire
Maurice_Sixto;Marie_Therese_Torchon;ile_en_ile_auto;Maurice_Sixto_TO_Marie_Therese_Torchon
Maurice_Sixto;Madame_Jackie_Kennedy;ile_en_ile_auto;Maurice_Sixto_TO_Madame_Jackie_Kennedy
Maurice_Sixto;Villa_Lea_Kokoye;ile_en_ile_auto;Maurice_Sixto_TO_Villa_Lea_Kokoye
Maurice_Sixto;Gertrude_Sejour;ile_en_ile_auto;Maurice_Sixto_TO_Gertrude_Sejour
Maurice_Sixto;Albert_Einstein;ile_en_ile_auto;Maurice_Sixto_TO_Albert_Einstein
Maurice_Sixto;Zabelbok_Berachat;ile_en_ile_auto;Maurice_Sixto_TO_Zabelbok_Berachat
Maurice_Sixto;Ti_Sentaniz;ile_en_ile_auto;Maurice_Sixto_TO_Ti_Sentaniz
Maurice_Sixto;Gwo_Moso;ile_en_ile_auto;Maurice_Sixto_TO_Gwo_Moso
Maurice_Sixto;Madan_Jul;ile_en_ile_auto;Maurice_Sixto_TO_Madan_Jul
Maurice_Sixto;Pa_Nan_Betiz;ile_en_ile_auto;Maurice_Sixto_TO_Pa_Nan_Betiz
Maurice_Sixto;Elie_Lescot;ile_en_ile_auto;Maurice_Sixto_TO_Elie_Lescot
Maurice_Sixto;Dumarsais_Estime;ile_en_ile_auto;Maurice_Sixto_TO_Dumarsais_Estime
Maurice_Sixto;Andre_Malraux;ile_en_ile_auto;Maurice_Sixto_TO_Andre_Malraux
Maurice_Sixto;Me_Zabelbok;ile_en_ile_auto;Maurice_Sixto_TO_Me_Zabelbok
Maurice_Sixto;Georges_Anglade;ile_en_ile_auto;Maurice_Sixto_TO_Georges_Anglade
Maurice_Sixto;Theodore_Beaubrun;ile_en_ile_auto;Maurice_Sixto_TO_Theodore_Beaubrun
Maurice_Sixto;Jean_Gesner_Henry;ile_en_ile_auto;Maurice_Sixto_TO_Jean_Gesner_Henry
Maurice_Sixto;Koupe_Kloue;ile_en_ile_auto;Maurice_Sixto_TO_Koupe_Kloue
Maurice_Sixto;Coupe_Cloue;ile_en_ile_auto;Maurice_Sixto_TO_Coupe_Cloue
Maurice_Sixto;Maitre_Zabelbok;ile_en_ile_auto;Maurice_Sixto_TO_Maitre_Zabelbok
Jean_Marie_Bourjolly;Marie_Bourjolly;ile_en_ile_auto;Jean_Marie_Bourjolly_TO_Marie_Bourjolly
Jean_Marie_Bourjolly;Raphael_Confiant;ile_en_ile_auto;Jean_Marie_Bourjolly_TO_Raphael_Confiant
Jean_Marie_Bourjolly;Didier_Delerme;ile_en_ile_auto;Jean_Marie_Bourjolly_TO_Didier_Delerme
Jean_Marie_Bourjolly;Adrien_Bance;ile_en_ile_auto;Jean_Marie_Bourjolly_TO_Adrien_Bance
Mimi_Barthelemy;Barthelemy_Clementine;viaf;Mimi_Barthelemy_TO_Barthelemy_Clementine
Mimi_Barthelemy;BartheLemy_Mimi;viaf;Mimi_Barthelemy_TO_BartheLemy_Mimi
Mimi_Barthelemy;Vif_Argent;viaf;Mimi_Barthelemy_TO_Vif_Argent
Mimi_Barthelemy;Barthelemy_Gerard;viaf;Mimi_Barthelemy_TO_Barthelemy_Gerard
Mimi_Barthelemy;Henrys_Reynold;viaf;Mimi_Barthelemy_TO_Henrys_Reynold
Mimi_Barthelemy;Tamas_Serge;viaf;Mimi_Barthelemy_TO_Tamas_Serge
Mimi_Barthelemy;Besson_Olivier;viaf;Mimi_Barthelemy_TO_Besson_Olivier
Mimi_Barthelemy;BartheLeMy_ELodie;viaf;Mimi_Barthelemy_TO_BartheLeMy_ELodie
Mimi_Barthelemy;Musidisc;viaf;Mimi_Barthelemy_TO_Musidisc
Mimi_Barthelemy;Enfance_Et_Musique_Pantin_Seine_Saint_Denis;viaf;Mimi_Barthelemy_TO_Enfance_Et_Musique_Pantin_Seine_Saint_Denis
Mimi_Barthelemy;Lacombe_Benjamin;viaf;Mimi_Barthelemy_TO_Lacombe_Benjamin
Mimi_Barthelemy;Rozevel_Jean_Baptiste;viaf;Mimi_Barthelemy_TO_Rozevel_Jean_Baptiste
Mimi_Barthelemy;Michele_Armand;spla_auto;Mimi_Barthelemy_TO_Michele_Armand
Mimi_Barthelemy;Rafael_Murillo;spla_auto;Mimi_Barthelemy_TO_Rafael_Murillo
Mimi_Barthelemy;Eduardo_Manet;spla_auto;Mimi_Barthelemy_TO_Eduardo_Manet
Mimi_Barthelemy;Mike_Griggs;spla_auto;Mimi_Barthelemy_TO_Mike_Griggs
Mimi_Barthelemy;Claude_Alranq;spla_auto;Mimi_Barthelemy_TO_Claude_Alranq
Mimi_Barthelemy;Emmanuel_Plassard;spla_auto;Mimi_Barthelemy_TO_Emmanuel_Plassard
Mimi_Barthelemy;Mistero_Buffo;spla_auto;Mimi_Barthelemy_TO_Mistero_Buffo
Mimi_Barthelemy;Dario_Fo;spla_auto;Mimi_Barthelemy_TO_Dario_Fo
Mimi_Barthelemy;Dominique_Lurcell;spla_auto;Mimi_Barthelemy_TO_Dominique_Lurcell
Mimi_Barthelemy;Nicolas_Buenaventura;spla_auto;Mimi_Barthelemy_TO_Nicolas_Buenaventura
Mimi_Barthelemy;Becker_D_Or;spla_auto;Mimi_Barthelemy_TO_Becker_D_Or
Georges_Castera;Lanctot_Mance;viaf;Georges_Castera_TO_Lanctot_Mance
Georges_Castera;Wah_Bernard;viaf;Georges_Castera_TO_Wah_Bernard
Georges_Castera;Saint_Fleurant_Louisiane;viaf;Georges_Castera_TO_Saint_Fleurant_Louisiane
Georges_Castera;Kako_Satoshi;viaf;Georges_Castera_TO_Kako_Satoshi
Georges_Castera;Durosier_Desrivieres_Jean;viaf;Georges_Castera_TO_Durosier_Desrivieres_Jean
Georges_Castera;Lanctt_Mance;viaf;Georges_Castera_TO_Lanctt_Mance
Georges_Castera;Syto_Cave;spla_auto;Georges_Castera_TO_Syto_Cave
Jean_Claude_Fignole;Victor_Gary;viaf;Jean_Claude_Fignole_TO_Victor_Gary
Jean_Claude_Fignole;Editions_Du_Seuil;viaf;Jean_Claude_Fignole_TO_Editions_Du_Seuil
Jean_Claude_Fignole;Mars_Kettly;viaf;Jean_Claude_Fignole_TO_Mars_Kettly
Jean_Claude_Fignole;Antonin_Arnold;viaf;Jean_Claude_Fignole_TO_Antonin_Arnold
Jean_Claude_Fignole;Pineau_GiseLe;viaf;Jean_Claude_Fignole_TO_Pineau_GiseLe
Jean_Claude_Fignole;PePin_Ernest;viaf;Jean_Claude_Fignole_TO_PePin_Ernest
Jean_Claude_Fignole;Maximin_Daniel;viaf;Jean_Claude_Fignole_TO_Maximin_Daniel
Jean_Claude_Fignole;LaferrieRe_Dany;viaf;Jean_Claude_Fignole_TO_LaferrieRe_Dany
Jean_Claude_Fignole;Claude_Fignole;spla_auto;Jean_Claude_Fignole_TO_Claude_Fignole
Franz_Benjamin;Beha_Philippe;viaf;Franz_Benjamin_TO_Beha_Philippe
Franz_Benjamin;Volcy_Marie_Michele_Amedee;viaf;Franz_Benjamin_TO_Volcy_Marie_Michele_Amedee
Franz_Benjamin;Societe_Paroles;viaf;Franz_Benjamin_TO_Societe_Paroles
Franz_Benjamin;Societe_Paroles_Firme;viaf;Franz_Benjamin_TO_Societe_Paroles_Firme
Franz_Benjamin;VeZina_Michel;viaf;Franz_Benjamin_TO_VeZina_Michel
Franz_Benjamin;Soucy_Pierre_Yves;viaf;Franz_Benjamin_TO_Soucy_Pierre_Yves
Franz_Benjamin;Puana_Shan_Dak;viaf;Franz_Benjamin_TO_Puana_Shan_Dak
Franz_Benjamin;PropheTe_Emmelie;viaf;Franz_Benjamin_TO_PropheTe_Emmelie
Saint_John_Kauss;John_Nelson;ile_en_ile_auto;Saint_John_Kauss_TO_John_Nelson
Saint_John_Kauss;Mathilde_Pierre;ile_en_ile_auto;Saint_John_Kauss_TO_Mathilde_Pierre
Saint_John_Kauss;Hugues_Beauregard;ile_en_ile_auto;Saint_John_Kauss_TO_Hugues_Beauregard
Saint_John_Kauss;Eugenio_Rasio;ile_en_ile_auto;Saint_John_Kauss_TO_Eugenio_Rasio
Saint_John_Kauss;Ijaz_Aslam_Qureshi;ile_en_ile_auto;Saint_John_Kauss_TO_Ijaz_Aslam_Qureshi
Saint_John_Kauss;Guy_Chouinard;ile_en_ile_auto;Saint_John_Kauss_TO_Guy_Chouinard
Jacqueline_Beauge_Rosier;Reguigui_Ali;viaf;Jacqueline_Beauge_Rosier_TO_Reguigui_Ali
Jacqueline_Beauge_Rosier;Bouraoui_Hedi;viaf;Jacqueline_Beauge_Rosier_TO_Bouraoui_Hedi
Jacqueline_Beauge_Rosier;Cadet_Raymond;viaf;Jacqueline_Beauge_Rosier_TO_Cadet_Raymond
Jacqueline_Beauge_Rosier;Universite_D_Ottawa;viaf;Jacqueline_Beauge_Rosier_TO_Universite_D_Ottawa
Jacqueline_Beauge_Rosier;Mentor_Cassandre;viaf;Jacqueline_Beauge_Rosier_TO_Mentor_Cassandre
Jacqueline_Beauge_Rosier;Jacqueline_Beauge;spla_auto;Jacqueline_Beauge_Rosier_TO_Jacqueline_Beauge
Max_Dorsinville;Roger_Dorsinville;ile_en_ile_auto;Max_Dorsinville_TO_Roger_Dorsinville
Max_Dorsinville;Max_H;ile_en_ile_auto;Max_Dorsinville_TO_Max_H
Max_Dorsinville;James_Wait;ile_en_ile_auto;Max_Dorsinville_TO_James_Wait
Max_Dorsinville;Erzulie_Loves_Shango;ile_en_ile_auto;Max_Dorsinville_TO_Erzulie_Loves_Shango
Max_Dorsinville;Caliban_Without;ile_en_ile_auto;Max_Dorsinville_TO_Caliban_Without
Max_Dorsinville;Don_Juan;ile_en_ile_auto;Max_Dorsinville_TO_Don_Juan
Max_Dorsinville;Claude_Mckay;ile_en_ile_auto;Max_Dorsinville_TO_Claude_Mckay
Max_Dorsinville;Zora_Neale;ile_en_ile_auto;Max_Dorsinville_TO_Zora_Neale
Max_Dorsinville;Arna_Bontemps;ile_en_ile_auto;Max_Dorsinville_TO_Arna_Bontemps
Max_Dorsinville;Langston_Hughes;ile_en_ile_auto;Max_Dorsinville_TO_Langston_Hughes
Max_Dorsinville;Des_Rosiers;ile_en_ile_auto;Max_Dorsinville_TO_Des_Rosiers
Max_Dorsinville;Therese_Blanc;ile_en_ile_auto;Max_Dorsinville_TO_Therese_Blanc
Max_Dorsinville;Dany_Laferriere;ile_en_ile_auto;Max_Dorsinville_TO_Dany_Laferriere
Max_Dorsinville;Denise_Dupuis;ile_en_ile_auto;Max_Dorsinville_TO_Denise_Dupuis
Elvire_Maurouard;Elvie_Jean;ile_en_ile_auto;Elvire_Maurouard_TO_Elvie_Jean
Elvire_Maurouard;Michel_Lequenne;ile_en_ile_auto;Elvire_Maurouard_TO_Michel_Lequenne
Elvire_Maurouard;Jeanne_Duval;ile_en_ile_auto;Elvire_Maurouard_TO_Jeanne_Duval
Elvire_Maurouard;Editions_Karthala;spla_auto;Elvire_Maurouard_TO_Editions_Karthala
Evelyne_Trouillot;MatheUs_Mariann;viaf;Evelyne_Trouillot_TO_MatheUs_Mariann
Evelyne_Trouillot;Ulysse_Gina_Athena;viaf;Evelyne_Trouillot_TO_Ulysse_Gina_Athena
Evelyne_Trouillot;MondeSir_Sophie;viaf;Evelyne_Trouillot_TO_MondeSir_Sophie
Evelyne_Trouillot;Henzell_Perry;viaf;Evelyne_Trouillot_TO_Henzell_Perry
Evelyne_Trouillot;Menard_Nadeve;viaf;Evelyne_Trouillot_TO_Menard_Nadeve
Evelyne_Trouillot;TeLeMaque_Herve;viaf;Evelyne_Trouillot_TO_TeLeMaque_Herve
Evelyne_Trouillot;Herbeck_Jason;viaf;Evelyne_Trouillot_TO_Herbeck_Jason
Evelyne_Trouillot;Dapper_Editions;viaf;Evelyne_Trouillot_TO_Dapper_Editions
Rene_Philoctete;Coverdale_Linda;viaf;Rene_Philoctete_TO_Coverdale_Linda
Rene_Philoctete;Morisseau_Roland;viaf;Rene_Philoctete_TO_Morisseau_Roland
Rene_Philoctete;Dorsinville_Roger;viaf;Rene_Philoctete_TO_Dorsinville_Roger
Rene_Philoctete;Danticat_Edwidge;viaf;Rene_Philoctete_TO_Danticat_Edwidge
Syto_Cave;Gabriel_Imbert;ile_en_ile_auto;Syto_Cave_TO_Gabriel_Imbert
Syto_Cave;Alexandre_Abellard;ile_en_ile_auto;Syto_Cave_TO_Alexandre_Abellard
Syto_Cave;Francois_Latour;ile_en_ile_auto;Syto_Cave_TO_Francois_Latour
Syto_Cave;Yanick_Jean;ile_en_ile_auto;Syto_Cave_TO_Yanick_Jean
Syto_Cave;Jacques_Charlier;ile_en_ile_auto;Syto_Cave_TO_Jacques_Charlier
Syto_Cave;Daniel_Huttinot;ile_en_ile_auto;Syto_Cave_TO_Daniel_Huttinot
Syto_Cave;Robert_Large;ile_en_ile_auto;Syto_Cave_TO_Robert_Large
Syto_Cave;Marie_Roumer;ile_en_ile_auto;Syto_Cave_TO_Marie_Roumer
Syto_Cave;Kateb_Yacine;ile_en_ile_auto;Syto_Cave_TO_Kateb_Yacine
Syto_Cave;Augusto_Boal;ile_en_ile_auto;Syto_Cave_TO_Augusto_Boal
Syto_Cave;Gato_Barbieri;ile_en_ile_auto;Syto_Cave_TO_Gato_Barbieri
Syto_Cave;Regine_Charlier;ile_en_ile_auto;Syto_Cave_TO_Regine_Charlier
Syto_Cave;Cayotte_Bissainthe;ile_en_ile_auto;Syto_Cave_TO_Cayotte_Bissainthe
Syto_Cave;Lyonel_Trouillot;ile_en_ile_auto;Syto_Cave_TO_Lyonel_Trouillot
Syto_Cave;Richard_Narcisse;ile_en_ile_auto;Syto_Cave_TO_Richard_Narcisse
Syto_Cave;Toto_Bissainthe;ile_en_ile_auto;Syto_Cave_TO_Toto_Bissainthe
Syto_Cave;Simone_Schwarz;ile_en_ile_auto;Syto_Cave_TO_Simone_Schwarz
Syto_Cave;Claude_Innocent;ile_en_ile_auto;Syto_Cave_TO_Claude_Innocent
Emile_Ollivier;MoiSe_Claude;viaf;Emile_Ollivier_TO_MoiSe_Claude
Emile_Ollivier;Voyer_Brigitte;viaf;Emile_Ollivier_TO_Voyer_Brigitte
Emile_Ollivier;Manigat_Charles;viaf;Emile_Ollivier_TO_Manigat_Charles
Emile_Ollivier;Toupin_Louis;viaf;Emile_Ollivier_TO_Toupin_Louis
Emile_Ollivier;Universite_De_Montreal_Section_D_Andragogie;viaf;Emile_Ollivier_TO_Universite_De_Montreal_Section_D_Andragogie
Emile_Ollivier;Sugden Leonard_W;viaf;Emile_Ollivier_TO_Sugden Leonard_W
Emile_Ollivier;Chalom_Maurice;viaf;Emile_Ollivier_TO_Chalom_Maurice
Emile_Ollivier;|Ying Chen ; RomancieRe_|;viaf;|Emile_Ollivier_TO_Ying Chen ; RomancieRe_|
Emile_Ollivier;Santolini_Arnaud;viaf;Emile_Ollivier_TO_Santolini_Arnaud
Emile_Ollivier;Association_Francophone_Pour_Le_Savoir_Acfas;viaf;Emile_Ollivier_TO_Association_Francophone_Pour_Le_Savoir_Acfas
Emile_Ollivier;Geppert_Beata;viaf;Emile_Ollivier_TO_Geppert_Beata
Felix_Morisseau_Leroy;Felix_Morisseau;ile_en_ile_auto;Felix_Morisseau_Leroy_TO_Felix_Morisseau
Felix_Morisseau_Leroy;Feliks_Moriso;ile_en_ile_auto;Felix_Morisseau_Leroy_TO_Feliks_Moriso
Felix_Morisseau_Leroy;Dyakout_I;ile_en_ile_auto;Felix_Morisseau_Leroy_TO_Dyakout_I
Felix_Morisseau_Leroy;Antigone_De_Sophocle;ile_en_ile_auto;Felix_Morisseau_Leroy_TO_Antigone_De_Sophocle
Felix_Morisseau_Leroy;Wa_Kreyon;ile_en_ile_auto;Felix_Morisseau_Leroy_TO_Wa_Kreyon
Serge_Legagneur;Richard_Laforest;ile_en_ile_auto;Serge_Legagneur_TO_Richard_Laforest
Serge_Legagneur;Gabriel_Garcia_Marquez;ile_en_ile_auto;Serge_Legagneur_TO_Gabriel_Garcia_Marquez
Serge_Legagneur;Roland_Morisseau;ile_en_ile_auto;Serge_Legagneur_TO_Roland_Morisseau
Serge_Legagneur;Anthony_Phelps;ile_en_ile_auto;Serge_Legagneur_TO_Anthony_Phelps
Serge_Legagneur;Gerard Etienne_V;ile_en_ile_auto;Serge_Legagneur_TO_Gerard Etienne_V
Serge_Legagneur;Paul_Chamberland;ile_en_ile_auto;Serge_Legagneur_TO_Paul_Chamberland
Serge_Legagneur;Raoul_Duguay;ile_en_ile_auto;Serge_Legagneur_TO_Raoul_Duguay
Serge_Legagneur;Claude_Peloquin;ile_en_ile_auto;Serge_Legagneur_TO_Claude_Peloquin
Serge_Legagneur;Nicole_Brossard;ile_en_ile_auto;Serge_Legagneur_TO_Nicole_Brossard
Serge_Legagneur;Gaston_Miron;ile_en_ile_auto;Serge_Legagneur_TO_Gaston_Miron
Serge_Legagneur;Casa_Pedro;ile_en_ile_auto;Serge_Legagneur_TO_Casa_Pedro
Serge_Legagneur;Le_Bouvillon;ile_en_ile_auto;Serge_Legagneur_TO_Le_Bouvillon
Serge_Legagneur;Patrick_Straham;ile_en_ile_auto;Serge_Legagneur_TO_Patrick_Straham
Serge_Legagneur;Paul_Belanger;ile_en_ile_auto;Serge_Legagneur_TO_Paul_Belanger
Serge_Legagneur;Suzanne_Paradis;ile_en_ile_auto;Serge_Legagneur_TO_Suzanne_Paradis
Serge_Legagneur;Pierre_Nepveu;ile_en_ile_auto;Serge_Legagneur_TO_Pierre_Nepveu
Serge_Legagneur;Laurent_Mailhot;ile_en_ile_auto;Serge_Legagneur_TO_Laurent_Mailhot
Serge_Legagneur;Speak_White;ile_en_ile_auto;Serge_Legagneur_TO_Speak_White
Serge_Legagneur;Michele_Lalonde;ile_en_ile_auto;Serge_Legagneur_TO_Michele_Lalonde
Serge_Legagneur;Yves_Prefontaine;ile_en_ile_auto;Serge_Legagneur_TO_Yves_Prefontaine
Coutecheve_Lavoie_Aupont;Techelet_Nicholas;ile_en_ile_auto;Coutecheve_Lavoie_Aupont_TO_Techelet_Nicholas
Coutecheve_Lavoie_Aupont;Marc_Exavier;ile_en_ile_auto;Coutecheve_Lavoie_Aupont_TO_Marc_Exavier
Coutecheve_Lavoie_Aupont;Jacques_Gougues;ile_en_ile_auto;Coutecheve_Lavoie_Aupont_TO_Jacques_Gougues
Coutecheve_Lavoie_Aupont;Alix_Emera;ile_en_ile_auto;Coutecheve_Lavoie_Aupont_TO_Alix_Emera
Coutecheve_Lavoie_Aupont;Berard_Cenatus;ile_en_ile_auto;Coutecheve_Lavoie_Aupont_TO_Berard_Cenatus
Mona_Guerin;Surena_Elsie;viaf;Mona_Guerin_TO_Surena_Elsie
Mona_Guerin;Savary_Savannah;viaf;Mona_Guerin_TO_Savary_Savannah
Mona_Guerin;Camille_Duplessy;spla_auto;Mona_Guerin_TO_Camille_Duplessy
Mona_Guerin;Gontran_Rouzier;spla_auto;Mona_Guerin_TO_Gontran_Rouzier
Mona_Guerin;Mona_Rouzier;spla_auto;Mona_Guerin_TO_Mona_Rouzier
Mona_Guerin;Joseph_De_Cluny;spla_auto;Mona_Guerin_TO_Joseph_De_Cluny
Mona_Guerin;Rose_De_Lima;spla_auto;Mona_Guerin_TO_Rose_De_Lima
Verly_Dabel;Bertrand_Aristide;ile_en_ile_auto;Verly_Dabel_TO_Bertrand_Aristide
Antoine_Innocent;Alexandre_Petion;ile_en_ile_auto;Antoine_Innocent_TO_Alexandre_Petion
Antoine_Innocent;Petion_Gerome;ile_en_ile_auto;Antoine_Innocent_TO_Petion_Gerome
Antoine_Innocent;Tante_Rosalie;ile_en_ile_auto;Antoine_Innocent_TO_Tante_Rosalie
Antoine_Innocent;Georges_–;ile_en_ile_auto;Antoine_Innocent_TO_Georges_–
Antoine_Innocent;Vierge_Des_Miracles;ile_en_ile_auto;Antoine_Innocent_TO_Vierge_Des_Miracles
Antoine_Innocent;Dieulermesson_Petit_Frere;ile_en_ile_auto;Antoine_Innocent_TO_Dieulermesson_Petit_Frere
Franketienne;Franck_Etienne;ile_en_ile_auto;Franketienne_TO_Franck_Etienne
Franketienne;Ravine_Seche;ile_en_ile_auto;Franketienne_TO_Ravine_Seche
Franketienne;Vents_D_Ailleurs;ile_en_ile_auto;Franketienne_TO_Vents_D_Ailleurs
Franketienne;Franck_Fouche;ile_en_ile_auto;Franketienne_TO_Franck_Fouche
Franketienne;Pierre_Bernay;ile_en_ile_auto;Franketienne_TO_Pierre_Bernay
Franketienne;Pelentet;ile_en_ile_auto;Franketienne_TO_Pelentet
Franketienne;Michele_Amedee;ile_en_ile_auto;Franketienne_TO_Michele_Amedee
Franketienne;Michel_Place;ile_en_ile_auto;Franketienne_TO_Michel_Place
Franketienne;History;ile_en_ile_auto;Franketienne_TO_History
Franketienne;Bobomasouri;ile_en_ile_auto;Franketienne_TO_Bobomasouri
Franketienne;Jean_Jonassaint;ile_en_ile_auto;Franketienne_TO_Jean_Jonassaint
Suzanne_Comhaire_Sylvain;Suzanne_Comhaire;ile_en_ile_auto;Suzanne_Comhaire_Sylvain_TO_Suzanne_Comhaire
Suzanne_Comhaire_Sylvain;D_Eugenie_Malbranche;ile_en_ile_auto;Suzanne_Comhaire_Sylvain_TO_D_Eugenie_Malbranche
Suzanne_Comhaire_Sylvain;Fables_De_La_Fontaine;ile_en_ile_auto;Suzanne_Comhaire_Sylvain_TO_Fables_De_La_Fontaine
Suzanne_Comhaire_Sylvain;Yvonne_Sylvain;ile_en_ile_auto;Suzanne_Comhaire_Sylvain_TO_Yvonne_Sylvain
Suzanne_Comhaire_Sylvain;Benito_Sylvain;ile_en_ile_auto;Suzanne_Comhaire_Sylvain_TO_Benito_Sylvain
Suzanne_Comhaire_Sylvain;Alfred_Metraux;ile_en_ile_auto;Suzanne_Comhaire_Sylvain_TO_Alfred_Metraux
Suzanne_Comhaire_Sylvain;Jean_Comhaire;ile_en_ile_auto;Suzanne_Comhaire_Sylvain_TO_Jean_Comhaire
Frederic_Marcelin;Desormeaux_Daniel;viaf;Frederic_Marcelin_TO_Desormeaux_Daniel
Frederic_Marcelin;Sanon_Jean_Claude;viaf;Frederic_Marcelin_TO_Sanon_Jean_Claude
Frederic_Marcelin;Kenfack MicheLe_U;viaf;Frederic_Marcelin_TO_Kenfack MicheLe_U
Magloire_Saint_Aude;Clement_Magloire;ile_en_ile_auto;Magloire_Saint_Aude_TO_Clement_Magloire
Magloire_Saint_Aude;Stephane_Martelly;ile_en_ile_auto;Magloire_Saint_Aude_TO_Stephane_Martelly
Magloire_Saint_Aude;Francois_Leperlier;ile_en_ile_auto;Magloire_Saint_Aude_TO_Francois_Leperlier
Magloire_Saint_Aude;Serge_Saint;ile_en_ile_auto;Magloire_Saint_Aude_TO_Serge_Saint
Joel_Des_Rosiers;Metropolis_Opera;spla_auto;Joel_Des_Rosiers_TO_Metropolis_Opera
Joel_Des_Rosiers;Athanase_David;spla_auto;Joel_Des_Rosiers_TO_Athanase_David
Jean_Max_Calvin;Max_Calvin;ile_en_ile_auto;Jean_Max_Calvin_TO_Max_Calvin
Jean_Max_Calvin;Marie_Guilloux;ile_en_ile_auto;Jean_Max_Calvin_TO_Marie_Guilloux
Jean_Max_Calvin;Gerard_Campfort;ile_en_ile_auto;Jean_Max_Calvin_TO_Gerard_Campfort
Jean_Max_Calvin;Serge_Baguidy_Gilbert;ile_en_ile_auto;Jean_Max_Calvin_TO_Serge_Baguidy_Gilbert
Jean_Max_Calvin;Rony_Lescoufleur;ile_en_ile_auto;Jean_Max_Calvin_TO_Rony_Lescoufleur
Jean_Max_Calvin;Eddy_Guery;ile_en_ile_auto;Jean_Max_Calvin_TO_Eddy_Guery
Maurice_Casseus;Maurice Casseus_A;ile_en_ile_auto;Maurice_Casseus_TO_Maurice Casseus_A
Maurice_Casseus;Leon_Laleau;ile_en_ile_auto;Maurice_Casseus_TO_Leon_Laleau
Maurice_Casseus;Annie_Desroy;ile_en_ile_auto;Maurice_Casseus_TO_Annie_Desroy
Maurice_Casseus;Leon_Hoffmann;ile_en_ile_auto;Maurice_Casseus_TO_Leon_Hoffmann
Maurice_Casseus;Claude_Servin;ile_en_ile_auto;Maurice_Casseus_TO_Claude_Servin
Maurice_Casseus;Tambour_Racial;ile_en_ile_auto;Maurice_Casseus_TO_Tambour_Racial
Maurice_Casseus;Michael Dash_J;ile_en_ile_auto;Maurice_Casseus_TO_Michael Dash_J
Maurice_Casseus;Carlos_St_Louis;ile_en_ile_auto;Maurice_Casseus_TO_Carlos_St_Louis
Maurice_Casseus;Maurice Lubin_A;ile_en_ile_auto;Maurice_Casseus_TO_Maurice Lubin_A
Maurice_Casseus;Francois_Hoffmann;ile_en_ile_auto;Maurice_Casseus_TO_Francois_Hoffmann
Lilas_Desquiron;Ministre_De_La_Culture;ile_en_ile_auto;Lilas_Desquiron_TO_Ministre_De_La_Culture
Jacques_Rey_Charlier;Etienne Charlier_D;ile_en_ile_auto;Jacques_Rey_Charlier_TO_Etienne Charlier_D
Jacques_Rey_Charlier;Ghislaine_Rey;ile_en_ile_auto;Jacques_Rey_Charlier_TO_Ghislaine_Rey
Jacques_Rey_Charlier;Saint_Marc;ile_en_ile_auto;Jacques_Rey_Charlier_TO_Saint_Marc
Jacques_Rey_Charlier;Lire_Charlier;ile_en_ile_auto;Jacques_Rey_Charlier_TO_Lire_Charlier
Jacques_Rey_Charlier;Collectif_Parole;ile_en_ile_auto;Jacques_Rey_Charlier_TO_Collectif_Parole
Jacques_Rey_Charlier;Suzanne_Lipinska;ile_en_ile_auto;Jacques_Rey_Charlier_TO_Suzanne_Lipinska
Jacques_Rey_Charlier;Alain_Kremski;ile_en_ile_auto;Jacques_Rey_Charlier_TO_Alain_Kremski
Jacques_Rey_Charlier;Thierry_Destrez;ile_en_ile_auto;Jacques_Rey_Charlier_TO_Thierry_Destrez
Jacques_Rey_Charlier;Rainer_Maria_Rilke;ile_en_ile_auto;Jacques_Rey_Charlier_TO_Rainer_Maria_Rilke
Dominique_Batraville;Mesadieu_Anne_Louise;viaf;Dominique_Batraville_TO_Mesadieu_Anne_Louise
Dominique_Batraville;Delorme_Verlus;viaf;Dominique_Batraville_TO_Delorme_Verlus
Dominique_Batraville;Najman_Charles;viaf;Dominique_Batraville_TO_Najman_Charles
Dominique_Batraville;Pauvros_Jean_FrancOis;viaf;Dominique_Batraville_TO_Pauvros_Jean_FrancOis
Dominique_Batraville;ETang Gerry_L;viaf;Dominique_Batraville_TO_ETang Gerry_L
Makenzy_Orcel;Idier_Nicolas;viaf;Makenzy_Orcel_TO_Idier_Nicolas
Makenzy_Orcel;Milce_Jean_Euphele;viaf;Makenzy_Orcel_TO_Milce_Jean_Euphele
Makenzy_Orcel;Salien_JoeL;viaf;Makenzy_Orcel_TO_Salien_JoeL
Makenzy_Orcel;Saint_ELoi_Rodney;viaf;Makenzy_Orcel_TO_Saint_ELoi_Rodney
Makenzy_Orcel;Gohier_ERic;viaf;Makenzy_Orcel_TO_Gohier_ERic
Makenzy_Orcel;Girbig_Catherine;viaf;Makenzy_Orcel_TO_Girbig_Catherine
Makenzy_Orcel;Ghoula_Sarah;viaf;Makenzy_Orcel_TO_Ghoula_Sarah
Makenzy_Orcel;Dabakh_Kane_El_Hadji_Abdoul_Aziz;viaf;Makenzy_Orcel_TO_Dabakh_Kane_El_Hadji_Abdoul_Aziz
Guy_Regis;Woods_Paolo;viaf;Guy_Regis_TO_Woods_Paolo
Guy_Regis;Robert_Arnaud;viaf;Guy_Regis_TO_Robert_Arnaud
Guy_Regis;Hamadi;viaf;Guy_Regis_TO_Hamadi
Guy_Regis;Dumont Luc 19_;viaf;Guy_Regis_TO_Dumont Luc 19_
Guy_Regis;Camus_Albert;viaf;Guy_Regis_TO_Camus_Albert
Roger_Dorsinville;Cary_Hector;ile_en_ile_auto;Roger_Dorsinville_TO_Cary_Hector
Roger_Dorsinville;Gens_De_Dakar;ile_en_ile_auto;Roger_Dorsinville_TO_Gens_De_Dakar
Roger_Dorsinville;De_Fatras;ile_en_ile_auto;Roger_Dorsinville_TO_De_Fatras
Roger_Dorsinville;Weber_Lahens;ile_en_ile_auto;Roger_Dorsinville_TO_Weber_Lahens
Roger_Dorsinville;Jean_Fouchard;ile_en_ile_auto;Roger_Dorsinville_TO_Jean_Fouchard
Kettly_Mars;Schmutte_Ingeborg;viaf;Kettly_Mars_TO_Schmutte_Ingeborg
Kettly_Mars;Kaas_Marianne;viaf;Kettly_Mars_TO_Kaas_Marianne
Kettly_Mars;Tremblay_Jennifer;viaf;Kettly_Mars_TO_Tremblay_Jennifer
Kettly_Mars;Ferandon_Max;viaf;Kettly_Mars_TO_Ferandon_Max
Kettly_Mars;PeAn_Leslie_Jean_Robert;viaf;Kettly_Mars_TO_PeAn_Leslie_Jean_Robert
Kettly_Mars;PeAn Leslie Leslie Jean Robert_J R;viaf;Kettly_Mars_TO_PeAn Leslie Leslie Jean Robert_J R
Kettly_Mars;Mercure_De_France;viaf;Kettly_Mars_TO_Mercure_De_France
Anthony_Phelps;Rudman_Sean;viaf;Anthony_Phelps_TO_Rudman_Sean
Anthony_Phelps;Piazza_Francois;viaf;Anthony_Phelps_TO_Piazza_Francois
Anthony_Phelps;Ollivier_Emile;viaf;Anthony_Phelps_TO_Ollivier_Emile
Anthony_Phelps;Chemla_Yves;viaf;Anthony_Phelps_TO_Chemla_Yves
Raymond_Chassagne;Henri_Odeide;ile_en_ile_auto;Raymond_Chassagne_TO_Henri_Odeide
Raymond_Chassagne;Edouard_Glissant;ile_en_ile_auto;Raymond_Chassagne_TO_Edouard_Glissant
Raymond_Chassagne;Boris_Chassagne;ile_en_ile_auto;Raymond_Chassagne_TO_Boris_Chassagne
Yanick_Jean;Joelle_Vitiello;ile_en_ile_auto;Yanick_Jean_TO_Joelle_Vitiello
Yanick_Jean;Recommencer_Paule;ile_en_ile_auto;Yanick_Jean_TO_Recommencer_Paule
Yanick_Jean;Helene_Cixous;ile_en_ile_auto;Yanick_Jean_TO_Helene_Cixous
Yanick_Jean;Monique_Wittig;ile_en_ile_auto;Yanick_Jean_TO_Monique_Wittig
Ida_Faubert;Brancour_Rene;viaf;Ida_Faubert_TO_Brancour_Rene
Ida_Faubert;Dominique_Pierre;viaf;Ida_Faubert_TO_Dominique_Pierre
Ida_Faubert;Autezac Leo D 18 19 Compositeur_;viaf;Ida_Faubert_TO_Autezac Leo D 18 19 Compositeur_
Ida_Faubert;Vignaud_Jean;viaf;Ida_Faubert_TO_Vignaud_Jean
Ida_Faubert;Lysius_Salomon;spla_auto;Ida_Faubert_TO_Lysius_Salomon
Ida_Faubert;Ida_Salomon_Faubert;spla_auto;Ida_Faubert_TO_Ida_Salomon_Faubert
Stephane_Martelly;Christine_Jeanney;ile_en_ile_auto;Stephane_Martelly_TO_Christine_Jeanney
Leon_Laleau;Vincent Stenio Pres Haiti_;viaf;Leon_Laleau_TO_Vincent Stenio Pres Haiti_
Leon_Laleau;Chauvigny_Louis_De;viaf;Leon_Laleau_TO_Chauvigny_Louis_De
Leon_Laleau;Fouchard_Jean;viaf;Leon_Laleau_TO_Fouchard_Jean
Leon_Laleau;Fabry_Claude;viaf;Leon_Laleau_TO_Fabry_Claude
Leon_Laleau;Etienne_GeRard;viaf;Leon_Laleau_TO_Etienne_GeRard
Leon_Laleau;Carrie_Pierre;viaf;Leon_Laleau_TO_Carrie_Pierre
Stanley_Pean;Ladoo_Harold_Sonny;viaf;Stanley_Pean_TO_Ladoo_Harold_Sonny
Stanley_Pean;Child_Lauren;viaf;Stanley_Pean_TO_Child_Lauren
Stanley_Pean;Poulin_Stephane;viaf;Stanley_Pean_TO_Poulin_Stephane
Stanley_Pean;Flouriot_Marie;viaf;Stanley_Pean_TO_Flouriot_Marie
Stanley_Pean;Quebec_Province_Assemblee_Nationale;viaf;Stanley_Pean_TO_Quebec_Province_Assemblee_Nationale
Stanley_Pean;Lamontagne_Francois;viaf;Stanley_Pean_TO_Lamontagne_Francois
Stanley_Pean;Duroseau_Conrad;viaf;Stanley_Pean_TO_Duroseau_Conrad
Stanley_Pean;Michaud_Nando;viaf;Stanley_Pean_TO_Michaud_Nando
Etzer_Vilaire;Pompilus_Pradel;viaf;Etzer_Vilaire_TO_Pompilus_Pradel
Etzer_Vilaire;Fardin_Dieudonne;viaf;Etzer_Vilaire_TO_Fardin_Dieudonne
Etzer_Vilaire;Brutus TimoleOn_C;viaf;Etzer_Vilaire_TO_Brutus TimoleOn_C
Cauvin_Paul;Cauvin Paul_L;ile_en_ile_auto;Cauvin_Paul_TO_Cauvin Paul_L
Jean_Marc_Pasquet;Huet_Gaetan;viaf;Jean_Marc_Pasquet_TO_Huet_Gaetan
Jean_Marc_Pasquet;Avrillier_Raymond;viaf;Jean_Marc_Pasquet_TO_Avrillier_Raymond
Jean_Marc_Pasquet;Kerambrun_JeRoMe;viaf;Jean_Marc_Pasquet_TO_Kerambrun_JeRoMe
Jean_Marc_Pasquet;Centre_D_Eco_Developpement_&_D_Initiative_Sociale_France;viaf;Jean_Marc_Pasquet_TO_Centre_D_Eco_Developpement_&_D_Initiative_Sociale_France
Jean_Marc_Pasquet;Brunel_Laurence;viaf;Jean_Marc_Pasquet_TO_Brunel_Laurence
Maggy_Belin_Biais;Maggy_Belin;ile_en_ile_auto;Maggy_Belin_Biais_TO_Maggy_Belin
Josaphat_Robert_Large;Pierre_Buteau;ile_en_ile_auto;Josaphat_Robert_Large_TO_Pierre_Buteau
Josaphat_Robert_Large;Michel_Acacia;ile_en_ile_auto;Josaphat_Robert_Large_TO_Michel_Acacia
Jean_Metellus;Sauvageot_BeAtrice;viaf;Jean_Metellus_TO_Sauvageot_BeAtrice
Jean_Metellus;Fleurimond_Wiener_Kerns;viaf;Jean_Metellus_TO_Fleurimond_Wiener_Kerns
Jean_Metellus;Migeot_Alvarado_Judith;viaf;Jean_Metellus_TO_Migeot_Alvarado_Judith
Jean_Metellus;Naudillon_Francoise;viaf;Jean_Metellus_TO_Naudillon_Francoise
Jean_Metellus;RoseS_Annie;viaf;Jean_Metellus_TO_RoseS_Annie
Jean_Metellus;Noiret_GeRard;viaf;Jean_Metellus_TO_Noiret_GeRard
Jean_Metellus;Mouchard_Claude;viaf;Jean_Metellus_TO_Mouchard_Claude
Jean_Metellus;Firmin_AnteNor;viaf;Jean_Metellus_TO_Firmin_AnteNor
Jean_Metellus;Couture_Ghislaine;viaf;Jean_Metellus_TO_Couture_Ghislaine
Jean_Metellus;Defives_Eyoum_Isabelle;viaf;Jean_Metellus_TO_Defives_Eyoum_Isabelle
Jean_Metellus;Saussy_Haun;viaf;Jean_Metellus_TO_Saussy_Haun
Jean_Metellus;Jacobs_Marjolijn;viaf;Jean_Metellus_TO_Jacobs_Marjolijn
Jean_Metellus;Grosjean_Jean;viaf;Jean_Metellus_TO_Grosjean_Jean
Jean_Metellus;Maurice_Nadeau;spla_auto;Jean_Metellus_TO_Maurice_Nadeau
Jean_Metellus;Leopold_Sedar_Senghor;spla_auto;Jean_Metellus_TO_Leopold_Sedar_Senghor
Jean_Robert_Leonidas;Michaud_Frantz;viaf;Jean_Robert_Leonidas_TO_Michaud_Frantz
Jean_Robert_Leonidas;Cidihca;viaf;Jean_Robert_Leonidas_TO_Cidihca
Jean_Robert_Leonidas;Tirole_HeLeNe;viaf;Jean_Robert_Leonidas_TO_Tirole_HeLeNe
Jean_Robert_Leonidas;Jacopin_Jean_Louis;viaf;Jean_Robert_Leonidas_TO_Jacopin_Jean_Louis
Jean_Robert_Leonidas;Centre_International_De_Documentation_Et_D_Information_Haitienne_Caraibeenne_Et_Afro_Canadienne;viaf;Jean_Robert_Leonidas_TO_Centre_International_De_Documentation_Et_D_Information_Haitienne_Caraibeenne_Et_Afro_Canadienne
Jean_Robert_Leonidas;Robert_Leonidas;spla_auto;Jean_Robert_Leonidas_TO_Robert_Leonidas
Jean_Robert_Leonidas;Jean Prophete_L;spla_auto;Jean_Robert_Leonidas_TO_Jean Prophete_L
Jean_Robert_Leonidas;Hugues_St;spla_auto;Jean_Robert_Leonidas_TO_Hugues_St
Jessica_Fievre;Gary_Victor;spla_auto;Jessica_Fievre_TO_Gary_Victor
Michel_Monnin;Calixte_Henri;ile_en_ile_auto;Michel_Monnin_TO_Calixte_Henri
Michel_Monnin;Carlo_Jean;ile_en_ile_auto;Michel_Monnin_TO_Carlo_Jean
Michel_Monnin;Marie_Drot;ile_en_ile_auto;Michel_Monnin_TO_Marie_Drot
Michel_Monnin;Louis_Blaise;ile_en_ile_auto;Michel_Monnin_TO_Louis_Blaise
Michel_Monnin;Roosevelt_Sanon;ile_en_ile_auto;Michel_Monnin_TO_Roosevelt_Sanon
Jean_Price_Mars;Cornevin_Robert;viaf;Jean_Price_Mars_TO_Cornevin_Robert
Jean_Price_Mars;Victor_Rene;viaf;Jean_Price_Mars_TO_Victor_Rene
Jean_Price_Mars;Remponeau_Georges;viaf;Jean_Price_Mars_TO_Remponeau_Georges
Jean_Price_Mars;Laferriere_Dany;viaf;Jean_Price_Mars_TO_Laferriere_Dany
Jean_Price_Mars;Soukar_Michel;viaf;Jean_Price_Mars_TO_Soukar_Michel
Jean_Price_Mars;Lafond_Jean_Daniel;viaf;Jean_Price_Mars_TO_Lafond_Jean_Daniel
Jean_Price_Mars;Lespinasse_Pierre_Eugene_De;viaf;Jean_Price_Mars_TO_Lespinasse_Pierre_Eugene_De
Jean_Price_Mars;Presence_Africaine_Editions;viaf;Jean_Price_Mars_TO_Presence_Africaine_Editions
Dany_Laferriere;Homel_David;viaf;Dany_Laferriere_TO_Homel_David
Dany_Laferriere;Normandin_FreDeRic;viaf;Dany_Laferriere_TO_Normandin_FreDeRic
Dany_Laferriere;Thill_Beate;viaf;Dany_Laferriere_TO_Thill_Beate
Dany_Laferriere;Magnier_Bernard;viaf;Dany_Laferriere_TO_Magnier_Bernard
Dany_Laferriere;Goldberg_Vicki;viaf;Dany_Laferriere_TO_Goldberg_Vicki
Dany_Laferriere;Giszczak_Jacek;viaf;Dany_Laferriere_TO_Giszczak_Jacek
Dany_Laferriere;Zimbel George_S;viaf;Dany_Laferriere_TO_Zimbel George_S
Dany_Laferriere;Van_De_Poel_Chris;viaf;Dany_Laferriere_TO_Van_De_Poel_Chris
Dany_Laferriere;Zimbel Elaine Sernovitz_A;viaf;Dany_Laferriere_TO_Zimbel Elaine Sernovitz_A
Dany_Laferriere;Cantet_Laurent;viaf;Dany_Laferriere_TO_Cantet_Laurent
Dany_Laferriere;Editions_Bernard_Grasset;viaf;Dany_Laferriere_TO_Editions_Bernard_Grasset
Dany_Laferriere;Moreira_Heloisa;viaf;Dany_Laferriere_TO_Moreira_Heloisa
Dany_Laferriere;박명숙;viaf;Dany_Laferriere_TO_박명숙
Dany_Laferriere;Sanchez_Panos_Inigo;viaf;Dany_Laferriere_TO_Sanchez_Panos_Inigo
Dany_Laferriere;Serrat_Crespo_Manuel;viaf;Dany_Laferriere_TO_Serrat_Crespo_Manuel
Dany_Laferriere;Gasner_Raymond;spla_auto;Dany_Laferriere_TO_Gasner_Raymond
Philippe_Thoby_Marcelin;Marcelin_Pierre;viaf;Philippe_Thoby_Marcelin_TO_Marcelin_Pierre
Philippe_Thoby_Marcelin;Rhodes Peter_C;viaf;Philippe_Thoby_Marcelin_TO_Rhodes Peter_C
Philippe_Thoby_Marcelin;Tinker_Edward_Larocque;viaf;Philippe_Thoby_Marcelin_TO_Tinker_Edward_Larocque
Philippe_Thoby_Marcelin;Wright_Harold;viaf;Philippe_Thoby_Marcelin_TO_Wright_Harold
Philippe_Thoby_Marcelin;Williams_Miller;viaf;Philippe_Thoby_Marcelin_TO_Williams_Miller
Philippe_Thoby_Marcelin;Untermeyer_Louis;viaf;Philippe_Thoby_Marcelin_TO_Untermeyer_Louis
Philippe_Thoby_Marcelin;Tate_Allen;viaf;Philippe_Thoby_Marcelin_TO_Tate_Allen
Philippe_Thoby_Marcelin;Tanikawa_Shuntaro;viaf;Philippe_Thoby_Marcelin_TO_Tanikawa_Shuntaro
Philippe_Thoby_Marcelin;Smith_William_Jay;viaf;Philippe_Thoby_Marcelin_TO_Smith_William_Jay
Philippe_Thoby_Marcelin;Degrave_Philippe;viaf;Philippe_Thoby_Marcelin_TO_Degrave_Philippe
Marie_Vieux_Chauvet;Constant_Vieux;ile_en_ile_auto;Marie_Vieux_Chauvet_TO_Constant_Vieux
Marie_Vieux_Chauvet;Delia_Nones;ile_en_ile_auto;Marie_Vieux_Chauvet_TO_Delia_Nones
Marie_Vieux_Chauvet;Marie_Vieux;ile_en_ile_auto;Marie_Vieux_Chauvet_TO_Marie_Vieux
Marie_Vieux_Chauvet;Aymon_Charlier;ile_en_ile_auto;Marie_Vieux_Chauvet_TO_Aymon_Charlier
Marie_Vieux_Chauvet;Pierre_Chauvet;ile_en_ile_auto;Marie_Vieux_Chauvet_TO_Pierre_Chauvet
Marie_Vieux_Chauvet;Brun_Ricot;ile_en_ile_auto;Marie_Vieux_Chauvet_TO_Brun_Ricot
Marie_Vieux_Chauvet;Seymour_Pradel;ile_en_ile_auto;Marie_Vieux_Chauvet_TO_Seymour_Pradel
Marie_Vieux_Chauvet;Marie_Chauvet;ile_en_ile_auto;Marie_Vieux_Chauvet_TO_Marie_Chauvet
Marie_Vieux_Chauvet;Vincent_Oge;ile_en_ile_auto;Marie_Vieux_Chauvet_TO_Vincent_Oge
Marie_Vieux_Chauvet;Ted_Proudfoot;ile_en_ile_auto;Marie_Vieux_Chauvet_TO_Ted_Proudfoot
Marie_Vieux_Chauvet;Claude_Duvalier;ile_en_ile_auto;Marie_Vieux_Chauvet_TO_Claude_Duvalier
Marie_Vieux_Chauvet;Emina_Soleil;ile_en_ile_auto;Marie_Vieux_Chauvet_TO_Emina_Soleil
Marie_Vieux_Chauvet;Suzanne_Rinne;ile_en_ile_auto;Marie_Vieux_Chauvet_TO_Suzanne_Rinne
Marie_Vieux_Chauvet;Joan_Dayan;ile_en_ile_auto;Marie_Vieux_Chauvet_TO_Joan_Dayan
Jacques_Roumain;Paul_Rivet;ile_en_ile_auto;Jacques_Roumain_TO_Paul_Rivet
Jacques_Roumain;Nicolas_Guillen;ile_en_ile_auto;Jacques_Roumain_TO_Nicolas_Guillen
Justin_Lherisson;Myrtha;ile_en_ile_auto;Justin_Lherisson_TO_Myrtha
Justin_Lherisson;Nicolas_Geffrard;ile_en_ile_auto;Justin_Lherisson_TO_Nicolas_Geffrard
Justin_Lherisson;Baptiste_Cineas;ile_en_ile_auto;Justin_Lherisson_TO_Baptiste_Cineas
Justin_Lherisson;Andre Chevallier_F;ile_en_ile_auto;Justin_Lherisson_TO_Andre Chevallier_F
Justin_Lherisson;Luc_Grimard;ile_en_ile_auto;Justin_Lherisson_TO_Luc_Grimard
Robert_Berrouet_Oriol;Saint_Fort_Hugues;viaf;Robert_Berrouet_Oriol_TO_Saint_Fort_Hugues
Robert_Berrouet_Oriol;John_Valerie;viaf;Robert_Berrouet_Oriol_TO_John_Valerie
Robert_Berrouet_Oriol;Fournier_Robert;viaf;Robert_Berrouet_Oriol_TO_Fournier_Robert
Robert_Berrouet_Oriol;CothieRe_Darline;viaf;Robert_Berrouet_Oriol_TO_CothieRe_Darline
Robert_Berrouet_Oriol;Turi Joseph_G;viaf;Robert_Berrouet_Oriol_TO_Turi Joseph_G
Robert_Berrouet_Oriol;Fattier_Dominique;viaf;Robert_Berrouet_Oriol_TO_Fattier_Dominique
Robert_Berrouet_Oriol;Desrivieres_Jean_Durosier;viaf;Robert_Berrouet_Oriol_TO_Desrivieres_Jean_Durosier
Robert_Berrouet_Oriol;Corbeil_Jean_Claude;viaf;Robert_Berrouet_Oriol_TO_Corbeil_Jean_Claude
Jean_Claude_Charles;Meunier_Jacques;viaf;Jean_Claude_Charles_TO_Meunier_Jacques
Jean_Claude_Charles;Campfort_GeRard;viaf;Jean_Claude_Charles_TO_Campfort_GeRard
Jean_Claude_Charles;Pivin_Jean_Loup;viaf;Jean_Claude_Charles_TO_Pivin_Jean_Loup
Jean_Claude_Charles;Pessini_Alba;viaf;Jean_Claude_Charles_TO_Pessini_Alba
Jean_Claude_Charles;Njami_Simon;viaf;Jean_Claude_Charles_TO_Njami_Simon
Jean_Claude_Charles;Martin_Saint_Leon_Pascal;viaf;Jean_Claude_Charles_TO_Martin_Saint_Leon_Pascal
Jean_Claude_Charles;Bloncourt_Gerald;viaf;Jean_Claude_Charles_TO_Bloncourt_Gerald
Jean_Claude_Charles;Telemaque_Herve;viaf;Jean_Claude_Charles_TO_Telemaque_Herve
Jean_Claude_Charles;Pineau_Gisele;viaf;Jean_Claude_Charles_TO_Pineau_Gisele
Jean_Claude_Charles;Claude_Charles;spla_auto;Jean_Claude_Charles_TO_Claude_Charles
Louis_Philippe_Dalembert;Damoison_David;viaf;Louis_Philippe_Dalembert_TO_Damoison_David
Louis_Philippe_Dalembert;Trier_Peter;viaf;Louis_Philippe_Dalembert_TO_Trier_Peter
Louis_Philippe_Dalembert;Mccormick Robert_H;viaf;Louis_Philippe_Dalembert_TO_Mccormick Robert_H
Louis_Philippe_Dalembert;Editions_Du_Rocher;viaf;Louis_Philippe_Dalembert_TO_Editions_Du_Rocher
Louis_Philippe_Dalembert;Gary_Romain;viaf;Louis_Philippe_Dalembert_TO_Gary_Romain
Louis_Philippe_Dalembert;Philippe_Dalembert;spla_auto;Louis_Philippe_Dalembert_TO_Philippe_Dalembert
Louis_Philippe_Dalembert;David_Damoison;spla_auto;Louis_Philippe_Dalembert_TO_David_Damoison
Louis_Philippe_Dalembert;Laennec_Hurbon;spla_auto;Louis_Philippe_Dalembert_TO_Laennec_Hurbon
Fabienne_Pasquet;Actes_Sud;ile_en_ile_auto;Fabienne_Pasquet_TO_Actes_Sud
Fabienne_Pasquet;Patrick_Defossez;ile_en_ile_auto;Fabienne_Pasquet_TO_Patrick_Defossez
Fabienne_Pasquet;Anne_De_Baecker;ile_en_ile_auto;Fabienne_Pasquet_TO_Anne_De_Baecker
Fabienne_Pasquet;Charles_Baudelaire;ile_en_ile_auto;Fabienne_Pasquet_TO_Charles_Baudelaire
Fabienne_Pasquet;Heinrich_Von_Kleist;ile_en_ile_auto;Fabienne_Pasquet_TO_Heinrich_Von_Kleist
Gerard_Etienne;Gerard_Vergniaud_Etienne;spla_auto;Gerard_Etienne_TO_Gerard_Vergniaud_Etienne
Gerard_Etienne;Paul Magloire_E;spla_auto;Gerard_Etienne_TO_Paul Magloire_E
Gerard_Etienne;Luc Innocent_B;spla_auto;Gerard_Etienne_TO_Luc Innocent_B
Gerard_Etienne;Windsor Laferriere_K;spla_auto;Gerard_Etienne_TO_Windsor Laferriere_K
Jean_Euphele_Milce;Orcel_Makenzy;viaf;Jean_Euphele_Milce_TO_Orcel_Makenzy
Jean_Euphele_Milce;Moncrieff_Christopher;viaf;Jean_Euphele_Milce_TO_Moncrieff_Christopher
Jean_Euphele_Milce;JourneE_De_ReFlexion_Sur_"Un_Leadership_GonaiVien_Pour_Un_DePartement_En_ProgreS"_2011_:_GonaiVes_Haiti;viaf;Jean_Euphele_Milce_TO_JourneE_De_ReFlexion_Sur_"Un_Leadership_GonaiVien_Pour_Un_DePartement_En_ProgreS"_2011_:_GonaiVes_Haiti
Jean_Euphele_Milce;Amisial_Jean_Osner;viaf;Jean_Euphele_Milce_TO_Amisial_Jean_Osner
Jean_Euphele_Milce;Douge_Patrice;viaf;Jean_Euphele_Milce_TO_Douge_Patrice
Jean_Euphele_Milce;Corsini_Silvio;viaf;Jean_Euphele_Milce_TO_Corsini_Silvio
Jean_Euphele_Milce;Bibliotheque_Cantonale_Et_Universitaire_Lausanne;viaf;Jean_Euphele_Milce_TO_Bibliotheque_Cantonale_Et_Universitaire_Lausanne
Jean_Euphele_Milce;Bernard_Campiche_Editeur;viaf;Jean_Euphele_Milce_TO_Bernard_Campiche_Editeur
Jean_Euphele_Milce;Euphele_Milce;spla_auto;Jean_Euphele_Milce_TO_Euphele_Milce
Davertige;Villard_Denis;ile_en_ile_auto;Davertige_TO_Villard_Denis
Davertige;Aristhene_Denis;ile_en_ile_auto;Davertige_TO_Aristhene_Denis
Davertige;Jeanne_Fequiere;ile_en_ile_auto;Davertige_TO_Jeanne_Fequiere
Davertige;Colbert_Bonhomme;ile_en_ile_auto;Davertige_TO_Colbert_Bonhomme
Davertige;Du_Bellay;ile_en_ile_auto;Davertige_TO_Du_Bellay
Davertige;Simon_Bolivar;ile_en_ile_auto;Davertige_TO_Simon_Bolivar
Davertige;Van_Gogh;ile_en_ile_auto;Davertige_TO_Van_Gogh
Davertige;Philippe_Lerebours;ile_en_ile_auto;Davertige_TO_Philippe_Lerebours
Davertige;Auguste_Thenor;ile_en_ile_auto;Davertige_TO_Auguste_Thenor
Davertige;Jacques_Gabriel;ile_en_ile_auto;Davertige_TO_Jacques_Gabriel
Davertige;Roland_Dorcely;ile_en_ile_auto;Davertige_TO_Roland_Dorcely
Davertige;Michel_Leiris;ile_en_ile_auto;Davertige_TO_Michel_Leiris
Davertige;Jacques_Duvieulla;ile_en_ile_auto;Davertige_TO_Jacques_Duvieulla
Davertige;Issa_El_Saieh;ile_en_ile_auto;Davertige_TO_Issa_El_Saieh
Davertige;Guy_Dallemand;ile_en_ile_auto;Davertige_TO_Guy_Dallemand
Davertige;John_Perse;ile_en_ile_auto;Davertige_TO_John_Perse
Davertige;Gontran_Damas;ile_en_ile_auto;Davertige_TO_Gontran_Damas
Davertige;Maurice_Lubin;ile_en_ile_auto;Davertige_TO_Maurice_Lubin
Davertige;Alain_Bosquet;ile_en_ile_auto;Davertige_TO_Alain_Bosquet
Davertige;Eugenie_Galperina;ile_en_ile_auto;Davertige_TO_Eugenie_Galperina
Davertige;Art_D_Haiti;ile_en_ile_auto;Davertige_TO_Art_D_Haiti
Davertige;Leon_Chalom;ile_en_ile_auto;Davertige_TO_Leon_Chalom
Davertige;Pierre_Emmanuel;ile_en_ile_auto;Davertige_TO_Pierre_Emmanuel
Davertige;Andre_Laude;ile_en_ile_auto;Davertige_TO_Andre_Laude
Davertige;Gerard_Aubourg;ile_en_ile_auto;Davertige_TO_Gerard_Aubourg
Davertige;Daniel_Arty;ile_en_ile_auto;Davertige_TO_Daniel_Arty
Davertige;Claude Garo_O;ile_en_ile_auto;Davertige_TO_Claude Garo_O
Davertige;Farh_Fred;ile_en_ile_auto;Davertige_TO_Farh_Fred
Davertige;Reneld_Baptiste;ile_en_ile_auto;Davertige_TO_Reneld_Baptiste
Davertige;Herard_Jadotte;ile_en_ile_auto;Davertige_TO_Herard_Jadotte
Edwidge_Danticat;Barnard_College;ile_en_ile_auto;Edwidge_Danticat_TO_Barnard_College
Edwidge_Danticat;Brown_University;ile_en_ile_auto;Edwidge_Danticat_TO_Brown_University
Edwidge_Danticat;Maxine_Hong_Kingston;ile_en_ile_auto;Edwidge_Danticat_TO_Maxine_Hong_Kingston
Edwidge_Danticat;Toni_Morrison;ile_en_ile_auto;Edwidge_Danticat_TO_Toni_Morrison
Edwidge_Danticat;Oprah_Winfrey;ile_en_ile_auto;Edwidge_Danticat_TO_Oprah_Winfrey
Edwidge_Danticat;Patricia_Benoit;ile_en_ile_auto;Edwidge_Danticat_TO_Patricia_Benoit
Edwidge_Danticat;Jonathan_Demme;ile_en_ile_auto;Edwidge_Danticat_TO_Jonathan_Demme
Edwidge_Danticat;Create_Dangerously;ile_en_ile_auto;Edwidge_Danticat_TO_Create_Dangerously
Marie_Soeurette_Mathieu;Nyari_Corinne;viaf;Marie_Soeurette_Mathieu_TO_Nyari_Corinne
Roland_Morisseau;Ti_Ga;viaf;Roland_Morisseau_TO_Ti_Ga
Roland_Morisseau;PhilocteTe_Rene;viaf;Roland_Morisseau_TO_PhilocteTe_Rene
Ignace_Nau;Auguste_Ignace;ile_en_ile_auto;Ignace_Nau_TO_Auguste_Ignace
Ignace_Nau;Pierre_Nau;ile_en_ile_auto;Ignace_Nau_TO_Pierre_Nau
Ignace_Nau;Jonathas_Granville;ile_en_ile_auto;Ignace_Nau_TO_Jonathas_Granville
Ignace_Nau;Pierre_Boyer;ile_en_ile_auto;Ignace_Nau_TO_Pierre_Boyer
Ignace_Nau;Emile_Nau;ile_en_ile_auto;Ignace_Nau_TO_Emile_Nau
Ignace_Nau;Beaubrun_Ardouin;ile_en_ile_auto;Ignace_Nau_TO_Beaubrun_Ardouin
Ignace_Nau;Le_Lambi;ile_en_ile_auto;Ignace_Nau_TO_Le_Lambi
Ignace_Nau;R_Dumas;ile_en_ile_auto;Ignace_Nau_TO_R_Dumas
Ignace_Nau;J_Tatin;ile_en_ile_auto;Ignace_Nau_TO_J_Tatin
Ignace_Nau;Marie_Robin;ile_en_ile_auto;Ignace_Nau_TO_Marie_Robin
Ignace_Nau;Ignace_Nau »;ile_en_ile_auto;Ignace_Nau_TO_Ignace_Nau »
Ignace_Nau;Marie_Ursule_Belizaire;ile_en_ile_auto;Ignace_Nau_TO_Marie_Ursule_Belizaire
Roussan_Camille;Debray_Gabriel;viaf;Roussan_Camille_TO_Debray_Gabriel
Roussan_Camille;Gaye_Amadou;viaf;Roussan_Camille_TO_Gaye_Amadou
Roussan_Camille;Dadie_Bernard_Binlin;viaf;Roussan_Camille_TO_Dadie_Bernard_Binlin
Roussan_Camille;Tirolien_Guy;viaf;Roussan_Camille_TO_Tirolien_Guy
Roussan_Camille;TeZe_SeBastien;viaf;Roussan_Camille_TO_TeZe_SeBastien
Roussan_Camille;Senghor_Leopold_Sedar;viaf;Roussan_Camille_TO_Senghor_Leopold_Sedar
Roussan_Camille;Piquion_Rene;viaf;Roussan_Camille_TO_Piquion_Rene
Roussan_Camille;Metellus_Jean;viaf;Roussan_Camille_TO_Metellus_Jean
Marc_Exavier;Hippolite_GeRard;viaf;Marc_Exavier_TO_Hippolite_GeRard
Marc_Exavier;Hipppolite_GeRard;viaf;Marc_Exavier_TO_Hipppolite_GeRard
Marc_Exavier;Marc Exavier_K;spla_auto;Marc_Exavier_TO_Marc Exavier_K
Marc_Exavier;Louis_Du_Nord;spla_auto;Marc_Exavier_TO_Louis_Du_Nord
Ileus_Papillon;Sosyete_Koukouy_Ayiti;ile_en_ile_auto;Ileus_Papillon_TO_Sosyete_Koukouy_Ayiti
Ileus_Papillon;Bibliotheque_Araka;ile_en_ile_auto;Ileus_Papillon_TO_Bibliotheque_Araka
Ileus_Papillon;Stephanie_Francois;ile_en_ile_auto;Ileus_Papillon_TO_Stephanie_Francois
Ileus_Papillon;Valery_Numa;ile_en_ile_auto;Ileus_Papillon_TO_Valery_Numa
Ileus_Papillon;Darly_Valet;ile_en_ile_auto;Ileus_Papillon_TO_Darly_Valet
Ileus_Papillon;Jean_Monard_Metellus;ile_en_ile_auto;Ileus_Papillon_TO_Jean_Monard_Metellus
Gary_Victor;Edwidge_Alfonce_Marc;viaf;Gary_Victor_TO_Edwidge_Alfonce_Marc
Gary_Victor;Mabanckou_Alain;viaf;Gary_Victor_TO_Mabanckou_Alain
Gary_Victor;ZePhyr_Brunatche;viaf;Gary_Victor_TO_ZePhyr_Brunatche
Gary_Victor;Rezeau_Marie_Florance;viaf;Gary_Victor_TO_Rezeau_Marie_Florance
Gary_Victor;Lefevre_Ricardo;viaf;Gary_Victor_TO_Lefevre_Ricardo
Gary_Victor;Silva_Francisco_Silva;viaf;Gary_Victor_TO_Silva_Francisco_Silva
Stephen_Alexis;Lydie_Nunez;ile_en_ile_auto;Stephen_Alexis_TO_Lydie_Nunez
Stephen_Alexis;Agathon_Ii;ile_en_ile_auto;Stephen_Alexis_TO_Agathon_Ii
Stephen_Alexis;Charlemagne_Peralte;ile_en_ile_auto;Stephen_Alexis_TO_Charlemagne_Peralte
Stephen_Alexis;Roger_Sainclair;ile_en_ile_auto;Stephen_Alexis_TO_Roger_Sainclair
Stephen_Alexis;Gaude_De_Senneville;ile_en_ile_auto;Stephen_Alexis_TO_Gaude_De_Senneville
Stephen_Alexis;Florecita_Miguel;ile_en_ile_auto;Stephen_Alexis_TO_Florecita_Miguel
Gerard_Chenet;Theodore_Baker;ile_en_ile_auto;Gerard_Chenet_TO_Theodore_Baker
Gerard_Chenet;Andre_Maurois;ile_en_ile_auto;Gerard_Chenet_TO_Andre_Maurois
Gerard_Chenet;General_Magloire;ile_en_ile_auto;Gerard_Chenet_TO_General_Magloire
Gerard_Chenet;Albert_Mangones;ile_en_ile_auto;Gerard_Chenet_TO_Albert_Mangones
Gerard_Chenet;General_De_Gaulle;ile_en_ile_auto;Gerard_Chenet_TO_General_De_Gaulle
Gerard_Chenet;Sekou_Toure;ile_en_ile_auto;Gerard_Chenet_TO_Sekou_Toure
Gerard_Chenet;Jacqueline_Scott;ile_en_ile_auto;Gerard_Chenet_TO_Jacqueline_Scott
Gerard_Chenet;Toubab_Dielaw;ile_en_ile_auto;Gerard_Chenet_TO_Toubab_Dielaw
Gerard_Chenet;Amelie_Cherie;ile_en_ile_auto;Gerard_Chenet_TO_Amelie_Cherie
Gerard_Chenet;Christophe_Colomb;ile_en_ile_auto;Gerard_Chenet_TO_Christophe_Colomb
Gerard_Chenet;Bois_Caiman;ile_en_ile_auto;Gerard_Chenet_TO_Bois_Caiman
Gerard_Chenet;Toubab_Dialaw;spla_auto;Gerard_Chenet_TO_Toubab_Dialaw
Pierre_Clitandre;Marcus_Garcia;ile_en_ile_auto;Pierre_Clitandre_TO_Marcus_Garcia
Pierre_Clitandre;Elsie_Etheart;ile_en_ile_auto;Pierre_Clitandre_TO_Elsie_Etheart
Pierre_Clitandre;Gregoire_Eugene;ile_en_ile_auto;Pierre_Clitandre_TO_Gregoire_Eugene
Pierre_Clitandre;Jean_Dominique;ile_en_ile_auto;Pierre_Clitandre_TO_Jean_Dominique
Pierre_Clitandre;Eddy_Arnold;ile_en_ile_auto;Pierre_Clitandre_TO_Eddy_Arnold
Pierre_Clitandre;Demain_Hebdo;ile_en_ile_auto;Pierre_Clitandre_TO_Demain_Hebdo
Lyonel_Trouillot;Dalembert_Louis_Philippe;viaf;Lyonel_Trouillot_TO_Dalembert_Louis_Philippe
Lyonel_Trouillot;Bohin_Cviklinski_CeLia;viaf;Lyonel_Trouillot_TO_Bohin_Cviklinski_CeLia
Lyonel_Trouillot;Pignon_Ernest_Ernest;viaf;Lyonel_Trouillot_TO_Pignon_Ernest_Ernest
Lyonel_Trouillot;Loze_Marie_BeNeDicte;viaf;Lyonel_Trouillot_TO_Loze_Marie_BeNeDicte
Lyonel_Trouillot;Heber_SchaRer_Barbara;viaf;Lyonel_Trouillot_TO_Heber_SchaRer_Barbara
Lyonel_Trouillot;Baron_Amelie;viaf;Lyonel_Trouillot_TO_Baron_Amelie
Lyonel_Trouillot;Steinitz_Claudia;viaf;Lyonel_Trouillot_TO_Steinitz_Claudia
Lyonel_Trouillot;Wydawnictwo_Karakter;viaf;Lyonel_Trouillot_TO_Wydawnictwo_Karakter
Georges_Anglade;Universite_Du_Quebec_A_Montreal_Groupe_D_Etudes_Et_De_Recherches_Critiques_D_Espace;viaf;Georges_Anglade_TO_Universite_Du_Quebec_A_Montreal_Groupe_D_Etudes_Et_De_Recherches_Critiques_D_Espace
Georges_Anglade;Universite_De_Montreal_Centre_De_Recherches_Caraibes;viaf;Georges_Anglade_TO_Universite_De_Montreal_Centre_De_Recherches_Caraibes
Georges_Anglade;Levy_Joseph_Josy;viaf;Georges_Anglade_TO_Levy_Joseph_Josy
Georges_Anglade;Yunen_Rafael_Emilio;viaf;Georges_Anglade_TO_Yunen_Rafael_Emilio
Georges_Anglade;Universidad_Catolica_Madre_Y_Maestra;viaf;Georges_Anglade_TO_Universidad_Catolica_Madre_Y_Maestra
Georges_Anglade;Wade_Sidney;viaf;Georges_Anglade_TO_Wade_Sidney
Georges_Anglade;Uzunbay_Zeynep;viaf;Georges_Anglade_TO_Uzunbay_Zeynep
Georges_Anglade;Universite_Du_Quebec_A_Montreal;viaf;Georges_Anglade_TO_Universite_Du_Quebec_A_Montreal
Georges_Anglade;Universite_Laval_Quebec_Canada_Groupe_D_Etudes_Et_De_Recherches_Critiques_D_Espace;viaf;Georges_Anglade_TO_Universite_Laval_Quebec_Canada_Groupe_D_Etudes_Et_De_Recherches_Critiques_D_Espace
Georges_Anglade;Mcconnell_Anne_Pease;viaf;Georges_Anglade_TO_Mcconnell_Anne_Pease
Demesvar_Delorme;University_Of_Western_Ontario_Department_Of_Computer_Science;viaf;Demesvar_Delorme_TO_University_Of_Western_Ontario_Department_Of_Computer_Science
Boisrond_Tonnerre;Louis_Felix_Mathurin_Boisrond;ile_en_ile_auto;Boisrond_Tonnerre_TO_Louis_Felix_Mathurin_Boisrond
Boisrond_Tonnerre;Mathurin_Boisrond;ile_en_ile_auto;Boisrond_Tonnerre_TO_Mathurin_Boisrond
Boisrond_Tonnerre;Louis_Boisrond;ile_en_ile_auto;Boisrond_Tonnerre_TO_Louis_Boisrond
Boisrond_Tonnerre;Francois_Boisrond;ile_en_ile_auto;Boisrond_Tonnerre_TO_Francois_Boisrond
Boisrond_Tonnerre;Joseph_Saint;ile_en_ile_auto;Boisrond_Tonnerre_TO_Joseph_Saint
Boisrond_Tonnerre;Edrick_Richemond;ile_en_ile_auto;Boisrond_Tonnerre_TO_Edrick_Richemond
Yanick_Lahens;Himmelreich_Jutta;viaf;Yanick_Lahens_TO_Himmelreich_Jutta
Yanick_Lahens;Fohlen_Corentin;viaf;Yanick_Lahens_TO_Fohlen_Corentin
Yanick_Lahens;Wilson_Betty;viaf;Yanick_Lahens_TO_Wilson_Betty
Yanick_Lahens;Seveno_Caroline;viaf;Yanick_Lahens_TO_Seveno_Caroline
Yanick_Lahens;Pepin_Ernest;viaf;Yanick_Lahens_TO_Pepin_Ernest
Yanick_Lahens;Moomou_Jean;viaf;Yanick_Lahens_TO_Moomou_Jean
Yanick_Lahens;Stiftung_Fur_Die_Photographie_Svycarsko;viaf;Yanick_Lahens_TO_Stiftung_Fur_Die_Photographie_Svycarsko
Yanick_Lahens;Jan_Jdominique;spla_auto;Yanick_Lahens_TO_Jan_Jdominique
Duccha;Duckens_Charitable;ile_en_ile_auto;Duccha_TO_Duckens_Charitable
Duccha;Philippa_Wehle;ile_en_ile_auto;Duccha_TO_Philippa_Wehle
Duccha;Martin Segal Theatre Centre_E;ile_en_ile_auto;Duccha_TO_Martin Segal Theatre Centre_E
Duccha;Denise_Bernhardt;ile_en_ile_auto;Duccha_TO_Denise_Bernhardt
Duccha;Maggy_De_Coster;ile_en_ile_auto;Duccha_TO_Maggy_De_Coster
Duccha;Edgar_Gousse;ile_en_ile_auto;Duccha_TO_Edgar_Gousse
Duccha;Karl_Popper;ile_en_ile_auto;Duccha_TO_Karl_Popper
Duccha;Fondasyon_Konesans_Ak_Libete;ile_en_ile_auto;Duccha_TO_Fondasyon_Konesans_Ak_Libete
Oswald_Durand;Sauray_ERic;viaf;Oswald_Durand_TO_Sauray_ERic
Oswald_Durand;Pompilus_Pradel_1913?_2000;viaf;Oswald_Durand_TO_Pompilus_Pradel_1913?_2000
Oswald_Durand;Sauray_Ketty;viaf;Oswald_Durand_TO_Sauray_Ketty
Oswald_Durand;Demaison_Andre;viaf;Oswald_Durand_TO_Demaison_Andre
Edris_Saint_Amand;BeLance_Rene;viaf;Edris_Saint_Amand_TO_BeLance_Rene
Edris_Saint_Amand;Hatier;viaf;Edris_Saint_Amand_TO_Hatier
